left,right,match,match_confidence,left_id,right_id,p_match,L_make,L_model,L_name,R_description
"COL make VAL BOEING COL model VAL 737 COL name VAL SURVEILLER, POSEIDON, MAX 8, MAX 9, MAX 7, MAX 8200, MAX 10",COL description VAL Boeing 737-700/700LR/Max 7,1,0.9909496337112286,BOEING 737,612,0.9909496337112286,BOEING,737,"SURVEILLER, POSEIDON, MAX 8, MAX 9, MAX 7, MAX 8200, MAX 10",Boeing 737-700/700LR/Max 7
COL make VAL BOEING COL model VAL 787 COL name VAL DREAMLINER,COL description VAL Boeing 787-10 Dreamliner,1,0.990945805447386,BOEING 787,837,0.990945805447386,BOEING,787,DREAMLINER,Boeing 787-10 Dreamliner
"COL make VAL BOEING COL model VAL 747 COL name VAL INTERCONTINENTAL, DREAMLIFTER, SHUTTLE CARRIER",COL description VAL Boeing 747-100,1,0.9899367983029823,BOEING 747,816,0.9899367983029823,BOEING,747,"INTERCONTINENTAL, DREAMLIFTER, SHUTTLE CARRIER",Boeing 747-100
"COL make VAL BOEING COL model VAL 747 COL name VAL INTERCONTINENTAL, DREAMLIFTER, SHUTTLE CARRIER",COL description VAL Boeing 747-400,1,0.9899299687561922,BOEING 747,819,0.9899299687561922,BOEING,747,"INTERCONTINENTAL, DREAMLIFTER, SHUTTLE CARRIER",Boeing 747-400
"COL make VAL BOEING COL model VAL 737 COL name VAL SURVEILLER, POSEIDON, MAX 8, MAX 9, MAX 7, MAX 8200, MAX 10",COL description VAL Boeing 737-400,1,0.9899113361681746,BOEING 737,617,0.9899113361681746,BOEING,737,"SURVEILLER, POSEIDON, MAX 8, MAX 9, MAX 7, MAX 8200, MAX 10",Boeing 737-400
"COL make VAL BOEING COL model VAL 737 COL name VAL SURVEILLER, POSEIDON, MAX 8, MAX 9, MAX 7, MAX 8200, MAX 10",COL description VAL Boeing 737-800,1,0.9897625252683708,BOEING 737,614,0.9897625252683708,BOEING,737,"SURVEILLER, POSEIDON, MAX 8, MAX 9, MAX 7, MAX 8200, MAX 10",Boeing 737-800
"COL make VAL BOEING COL model VAL 737 COL name VAL SURVEILLER, POSEIDON, MAX 8, MAX 9, MAX 7, MAX 8200, MAX 10",COL description VAL Boeing 737-500,1,0.9896606532554458,BOEING 737,616,0.9896606532554458,BOEING,737,"SURVEILLER, POSEIDON, MAX 8, MAX 9, MAX 7, MAX 8200, MAX 10",Boeing 737-500
"COL make VAL BOEING COL model VAL 737 COL name VAL SURVEILLER, POSEIDON, MAX 8, MAX 9, MAX 7, MAX 8200, MAX 10",COL description VAL Boeing 737-300,1,0.9896252741138595,BOEING 737,619,0.9896252741138595,BOEING,737,"SURVEILLER, POSEIDON, MAX 8, MAX 9, MAX 7, MAX 8200, MAX 10",Boeing 737-300
"COL make VAL BOEING COL model VAL 737 COL name VAL SURVEILLER, POSEIDON, MAX 8, MAX 9, MAX 7, MAX 8200, MAX 10",COL description VAL Boeing 737-900,1,0.9895018937875248,BOEING 737,634,0.9895018937875248,BOEING,737,"SURVEILLER, POSEIDON, MAX 8, MAX 9, MAX 7, MAX 8200, MAX 10",Boeing 737-900
"COL make VAL BOEING COL model VAL 737 COL name VAL SURVEILLER, POSEIDON, MAX 8, MAX 9, MAX 7, MAX 8200, MAX 10",COL description VAL Boeing 737-100/200,1,0.9893472102467714,BOEING 737,620,0.9893472102467714,BOEING,737,"SURVEILLER, POSEIDON, MAX 8, MAX 9, MAX 7, MAX 8200, MAX 10",Boeing 737-100/200
"COL make VAL BOEING COL model VAL 737 COL name VAL SURVEILLER, POSEIDON, MAX 8, MAX 9, MAX 7, MAX 8200, MAX 10",COL description VAL Boeing 737-200C,1,0.9891981739288276,BOEING 737,621,0.9891981739288276,BOEING,737,"SURVEILLER, POSEIDON, MAX 8, MAX 9, MAX 7, MAX 8200, MAX 10",Boeing 737-200C
"COL make VAL BOEING COL model VAL 747 COL name VAL INTERCONTINENTAL, DREAMLIFTER, SHUTTLE CARRIER",COL description VAL Boeing 747-400F,1,0.9890097459473021,BOEING 747,820,0.9890097459473021,BOEING,747,"INTERCONTINENTAL, DREAMLIFTER, SHUTTLE CARRIER",Boeing 747-400F
"COL make VAL GULFSTREAM COL model VAL GVI COL name VAL G650, G650ER",COL description VAL Gulfstream G650,1,0.9890054821397349,GULFSTREAM GVI,750,0.9890054821397349,GULFSTREAM,GVI,"G650, G650ER",Gulfstream G650
COL make VAL GULFSTREAM COL model VAL GULFSTREAM G280,COL description VAL Gulfstream Aerospace Gulfstream G280,1,0.9889455933373412,GULFSTREAM GULFSTREAM G280,752,0.9889455933373412,GULFSTREAM,GULFSTREAM G280,,Gulfstream Aerospace Gulfstream G280
"COL make VAL BELL COL model VAL 212 COL name VAL TWIN TWO TWELVE, TWIN HUEY",COL description VAL Bell 212 Twin Two Twelve,1,0.9888659605767401,BELL 212,345,0.9888659605767401,BELL,212,"TWIN TWO TWELVE, TWIN HUEY",Bell 212 Twin Two Twelve
"COL make VAL BOEING COL model VAL 737 COL name VAL SURVEILLER, POSEIDON, MAX 8, MAX 9, MAX 7, MAX 8200, MAX 10",COL description VAL Boeing 737-900ER,1,0.9888632499319943,BOEING 737,888,0.9888632499319943,BOEING,737,"SURVEILLER, POSEIDON, MAX 8, MAX 9, MAX 7, MAX 8200, MAX 10",Boeing 737-900ER
COL make VAL GIPPSLAND COL model VAL GA8 COL name VAL AIRVAN,COL description VAL Gipps Aero Ga8 Airvan,1,0.988763432506486,GIPPSLAND GA8,26,0.988763432506486,GIPPSLAND,GA8,AIRVAN,Gipps Aero Ga8 Airvan
"COL make VAL BOEING COL model VAL 747 COL name VAL INTERCONTINENTAL, DREAMLIFTER, SHUTTLE CARRIER",COL description VAL Boeing 747-200/300,1,0.9886324676509616,BOEING 747,817,0.9886324676509616,BOEING,747,"INTERCONTINENTAL, DREAMLIFTER, SHUTTLE CARRIER",Boeing 747-200/300
COL make VAL CESSNA COL model VAL 408 COL name VAL SKYCOURIER,COL description VAL Cessna Skycourier 408,1,0.9885631721509246,CESSNA 408,421,0.9885631721509246,CESSNA,408,SKYCOURIER,Cessna Skycourier 408
"COL make VAL BOEING COL model VAL 747 COL name VAL INTERCONTINENTAL, DREAMLIFTER, SHUTTLE CARRIER",COL description VAL Boeing 747SP,1,0.9881581670958194,BOEING 747,822,0.9881581670958194,BOEING,747,"INTERCONTINENTAL, DREAMLIFTER, SHUTTLE CARRIER",Boeing 747SP
"COL make VAL BOEING COL model VAL 747 COL name VAL INTERCONTINENTAL, DREAMLIFTER, SHUTTLE CARRIER",COL description VAL Boeing 747C,1,0.9879348740103515,BOEING 747,818,0.9879348740103515,BOEING,747,"INTERCONTINENTAL, DREAMLIFTER, SHUTTLE CARRIER",Boeing 747C
COL make VAL BOEING COL model VAL 727 COL name VAL 727RE,COL description VAL Boeing 727-100,1,0.9876172913061588,BOEING 727,710,0.9876172913061588,BOEING,727,727RE,Boeing 727-100
COL make VAL BOEING COL model VAL 757,COL description VAL Boeing 757-200,1,0.9875886131638757,BOEING 757,622,0.9875886131638757,BOEING,757,,Boeing 757-200
COL make VAL BOEING COL model VAL 767,COL description VAL Boeing 767-400/ER,1,0.9875341876525711,BOEING 767,624,0.9875341876525711,BOEING,767,,Boeing 767-400/ER
COL make VAL BEECH COL model VAL 99 COL name VAL AIRLINER,COL description VAL Beech 99 Airliner,1,0.9873657330115643,BEECH 99,403,0.9873657330115643,BEECH,99,AIRLINER,Beech 99 Airliner
COL make VAL BOEING COL model VAL 757,COL description VAL Boeing 757-300,1,0.9872915747691433,BOEING 757,623,0.9872915747691433,BOEING,757,,Boeing 757-300
COL make VAL BOEING COL model VAL 767,COL description VAL Boeing 767-200/ER/EM,1,0.9867123248655771,BOEING 767,625,0.9867123248655771,BOEING,767,,Boeing 767-200/ER/EM
COL make VAL QUEST COL model VAL KODIAK 100,COL description VAL Quest Kodiak 100,1,0.9865570089495717,QUEST KODIAK 100,422,0.9865570089495717,QUEST,KODIAK 100,,Quest Kodiak 100
COL make VAL BOEING COL model VAL 717,COL description VAL Boeing 717-200,1,0.9860585148453221,BOEING 717,608,0.9860585148453221,BOEING,717,,Boeing 717-200
COL make VAL GULFSTREAM COL model VAL GULFSTREAM G150,COL description VAL Gulfstream G150,1,0.9860172392987778,GULFSTREAM GULFSTREAM G150,651,0.9860172392987778,GULFSTREAM,GULFSTREAM G150,,Gulfstream G150
COL make VAL CESSNA COL model VAL 406 COL name VAL CARAVAN II,COL description VAL Cessna 406 Caravan II,1,0.9857343541443043,CESSNA 406,417,0.9857343541443043,CESSNA,406,CARAVAN II,Cessna 406 Caravan II
"COL make VAL BOMBARDIER COL model VAL BD700 COL name VAL GLOBAL EXPRESS, GLOBAL 5000, GLOBAL 6000, GLOBAL 7500, GLOBAL EXPRESS XRS, GLOBAL 6500, GLOBAL 5500, GLOBAL 8000",COL description VAL Bombardier Global 6000/Global Xrs,1,0.985312167096984,BOMBARDIER BD700,788,0.985312167096984,BOMBARDIER,BD700,"GLOBAL EXPRESS, GLOBAL 5000, GLOBAL 6000, GLOBAL 7500, GLOBAL EXPRESS XRS, GLOBAL 6500, GLOBAL 5500, GLOBAL 8000",Bombardier Global 6000/Global Xrs
COL make VAL CESSNA COL model VAL 182 COL name VAL SKYLANE,COL description VAL Cessna 182 Skylane,1,0.9852652851823479,CESSNA 182,39,0.9852652851823479,CESSNA,182,SKYLANE,Cessna 182 Skylane
"COL make VAL DORNIER COL model VAL 328 COL name VAL ENVOY 3, 328JET",COL description VAL Dornier 328,1,0.9851024964768117,DORNIER 328,449,0.9851024964768117,DORNIER,328,"ENVOY 3, 328JET",Dornier 328
COL make VAL CESSNA COL model VAL 185 COL name VAL SKYWAGON,COL description VAL Cessna 185A/B/C Skywagon,1,0.9847031400579219,CESSNA 185,33,0.9847031400579219,CESSNA,185,SKYWAGON,Cessna 185A/B/C Skywagon
COL make VAL BOEING COL model VAL 767,COL description VAL Boeing 767-300/300ER,1,0.9844334826302147,BOEING 767,626,0.9844334826302147,BOEING,767,,Boeing 767-300/300ER
COL make VAL BOEING COL model VAL 777,COL description VAL Boeing 777-300/300ER/333ER,1,0.984408622462675,BOEING 777,637,0.984408622462675,BOEING,777,,Boeing 777-300/300ER/333ER
"COL make VAL CESSNA COL model VAL 208 COL name VAL CARGOMASTER, CARAVAN, SOLOY PATHFINDER 21, E CARAVAN",COL description VAL Cessna 208 Caravan,1,0.9843421068773941,CESSNA 208,416,0.9843421068773941,CESSNA,208,"CARGOMASTER, CARAVAN, SOLOY PATHFINDER 21, E CARAVAN",Cessna 208 Caravan
"COL make VAL DORNIER COL model VAL 328 COL name VAL ENVOY 3, 328JET",COL description VAL Dornier 328 Jet,1,0.9842024032066582,DORNIER 328,632,0.9842024032066582,DORNIER,328,"ENVOY 3, 328JET",Dornier 328 Jet
"COL make VAL IAI COL model VAL 1124 COL name VAL WESTWIND II, WESTWIND I, SEA SCAN",COL description VAL 1124A Westwind II,1,0.9841156292038215,IAI 1124,643,0.9841156292038215,IAI,1124,"WESTWIND II, WESTWIND I, SEA SCAN",1124A Westwind II
COL make VAL LEARJET COL model VAL 24,COL description VAL Gates Learjet Lear-24,1,0.9834044798505889,LEARJET 24,661,0.9834044798505889,LEARJET,24,,Gates Learjet Lear-24
COL make VAL AIRBUS COL model VAL A318 COL name VAL ELITE,COL description VAL Airbus Industrie A318,1,0.9832641108189741,AIRBUS A318,318,0.9832641108189741,AIRBUS,A318,ELITE,Airbus Industrie A318
COL make VAL DE HAVILLAND COL model VAL DHC6 COL name VAL TWIN OTTER,COL description VAL De Havilland Twin Otter DHC-6,1,0.983058743534963,DE HAVILLAND DHC6,485,0.983058743534963,DE HAVILLAND,DHC6,TWIN OTTER,De Havilland Twin Otter DHC-6
COL make VAL SAAB COL model VAL 340,COL description VAL Saab-Fairchild 340/B,1,0.9826707456021821,SAAB 340,456,0.9826707456021821,SAAB,340,,Saab-Fairchild 340/B
COL make VAL AIRBUS COL model VAL A340 COL name VAL PRESTIGE,COL description VAL Airbus Industrie A340,1,0.9824197837133783,AIRBUS A340,697,0.9824197837133783,AIRBUS,A340,PRESTIGE,Airbus Industrie A340
COL make VAL BOEING COL model VAL 727 COL name VAL 727RE,COL description VAL Boeing 727-200/231A,1,0.9824077063581602,BOEING 727,715,0.9824077063581602,BOEING,727,727RE,Boeing 727-200/231A
COL make VAL PILATUS COL model VAL PC12,COL description VAL Pilatus PC-12,1,0.9824071851020418,PILATUS PC12,479,0.9824071851020418,PILATUS,PC12,,Pilatus PC-12
COL make VAL BRITTEN NORMAN COL model VAL BN2 COL name VAL ISLANDER,COL description VAL Pilatus Britten-Norman BN2/A Islander,1,0.9818659148163206,BRITTEN NORMAN BN2,131,0.9818659148163206,BRITTEN NORMAN,BN2,ISLANDER,Pilatus Britten-Norman BN2/A Islander
"COL make VAL CESSNA COL model VAL 172 COL name VAL SKYHAWK, CUTLASS, SKYHAWK SP",COL description VAL Cessna 172 Skyhawk,1,0.9817162430630738,CESSNA 172,36,0.9817162430630738,CESSNA,172,"SKYHAWK, CUTLASS, SKYHAWK SP",Cessna 172 Skyhawk
COL make VAL HAWKER COL model VAL 4000 COL name VAL HORIZON,COL description VAL Hawker Beechcraft Hawker 4000,1,0.9816661572408778,HAWKER 4000,495,0.9816661572408778,HAWKER,4000,HORIZON,Hawker Beechcraft Hawker 4000
"COL make VAL LOCKHEED COL model VAL 382 COL name VAL L100, L100 20, HERCULES, L100 30, HERCULES II",COL description VAL Lockheed L100-30/L-382E,1,0.9812763926628273,LOCKHEED 382,556,0.9812763926628273,LOCKHEED,382,"L100, L100 20, HERCULES, L100 30, HERCULES II",Lockheed L100-30/L-382E
COL make VAL CASA COL model VAL C212 COL name VAL AVIOCAR,COL description VAL Casa/Nurtanio C212 Aviocar,1,0.9812521773949934,CASA C212,412,0.9812521773949934,CASA,C212,AVIOCAR,Casa/Nurtanio C212 Aviocar
"COL make VAL BRITTEN NORMAN COL model VAL BN2A COL name VAL ISLANDER, TURBINE ISLANDER, TRISLANDER, DEFENDER",COL description VAL Pilatus Britten-Norman BN2A Trislander,1,0.9810355147779026,BRITTEN NORMAN BN2A,201,0.9810355147779026,BRITTEN NORMAN,BN2A,"ISLANDER, TURBINE ISLANDER, TRISLANDER, DEFENDER",Pilatus Britten-Norman BN2A Trislander
COL make VAL DORNIER COL model VAL 228,COL description VAL Dornier 228,1,0.9809973253377792,DORNIER 228,448,0.9809973253377792,DORNIER,228,,Dornier 228
COL make VAL SAAB COL model VAL 340,COL description VAL Saab-Fairchild 340/A,1,0.9808795564345498,SAAB 340,459,0.9808795564345498,SAAB,340,,Saab-Fairchild 340/A
COL make VAL SHORT COL model VAL SC7 COL name VAL SKYVAN,COL description VAL Shorts Harland SC-7 Skyvan,1,0.9807315880539945,SHORT SC7,486,0.9807315880539945,SHORT,SC7,SKYVAN,Shorts Harland SC-7 Skyvan
"COL make VAL DOUGLAS COL model VAL DC8 COL name VAL SUPER 60, SUPER 70, JET TRADER",COL description VAL McDonnell Douglas DC-8-61,1,0.9806621112254968,DOUGLAS DC8,851,0.9806621112254968,DOUGLAS,DC8,"SUPER 60, SUPER 70, JET TRADER",McDonnell Douglas DC-8-61
COL make VAL AIRBUS COL model VAL A340 COL name VAL PRESTIGE,COL description VAL Airbus Industrie A340-500,1,0.9806400414620142,AIRBUS A340,872,0.9806400414620142,AIRBUS,A340,PRESTIGE,Airbus Industrie A340-500
"COL make VAL BOMBARDIER COL model VAL BD700 COL name VAL GLOBAL EXPRESS, GLOBAL 5000, GLOBAL 6000, GLOBAL 7500, GLOBAL EXPRESS XRS, GLOBAL 6500, GLOBAL 5500, GLOBAL 8000",COL description VAL Bombardier Global 6500,1,0.9806241111212054,BOMBARDIER BD700,716,0.9806241111212054,BOMBARDIER,BD700,"GLOBAL EXPRESS, GLOBAL 5000, GLOBAL 6000, GLOBAL 7500, GLOBAL EXPRESS XRS, GLOBAL 6500, GLOBAL 5500, GLOBAL 8000",Bombardier Global 6500
COL make VAL AIRBUS COL model VAL A340 COL name VAL PRESTIGE,COL description VAL Airbus Industrie A340-200,1,0.980513796392868,AIRBUS A340,873,0.980513796392868,AIRBUS,A340,PRESTIGE,Airbus Industrie A340-200
COL make VAL AIRBUS COL model VAL A340 COL name VAL PRESTIGE,COL description VAL Airbus Industrie A340-300,1,0.9800680284166119,AIRBUS A340,871,0.9800680284166119,AIRBUS,A340,PRESTIGE,Airbus Industrie A340-300
COL make VAL CANADAIR COL model VAL CL600 1A11 COL name VAL CHALLENGER 600,COL description VAL Canadair CL-600 Challenger,1,0.9798594901083607,CANADAIR CL600 1A11,652,0.9798594901083607,CANADAIR,CL600 1A11,CHALLENGER 600,Canadair CL-600 Challenger
"COL make VAL DASSAULT COL model VAL FALCON 900EX COL name VAL FALCON 900EX EASY, FALCON 900DX, FALCON 900LX",COL description VAL Dassault Falcon 900/900EX,1,0.9797743414809688,DASSAULT FALCON 900EX,770,0.9797743414809688,DASSAULT,FALCON 900EX,"FALCON 900EX EASY, FALCON 900DX, FALCON 900LX",Dassault Falcon 900/900EX
COL make VAL AIRBUS COL model VAL A340 COL name VAL PRESTIGE,COL description VAL Airbus Industrie A340-600,1,0.9794205580229213,AIRBUS A340,874,0.9794205580229213,AIRBUS,A340,PRESTIGE,Airbus Industrie A340-600
"COL make VAL DOUGLAS COL model VAL DC8 COL name VAL SUPER 60, SUPER 70, JET TRADER",COL description VAL McDonnell Douglas DC-8-62,1,0.9793016678384026,DOUGLAS DC8,854,0.9793016678384026,DOUGLAS,DC8,"SUPER 60, SUPER 70, JET TRADER",McDonnell Douglas DC-8-62
COL make VAL CESSNA COL model VAL 510 COL name VAL CITATION MUSTANG,COL description VAL Cessna 510 Mustang/560XL Citation Excel,1,0.9788894902895785,CESSNA 510,685,0.9788894902895785,CESSNA,510,CITATION MUSTANG,Cessna 510 Mustang/560XL Citation Excel
COL make VAL DE HAVILLAND COL model VAL DHC6 COL name VAL TWIN OTTER,COL description VAL DHC-6-400 Twin Otter,1,0.9788109510919574,DE HAVILLAND DHC6,395,0.9788109510919574,DE HAVILLAND,DHC6,TWIN OTTER,DHC-6-400 Twin Otter
"COL make VAL SWEARINGEN COL model VAL SA226 COL name VAL MERLIN III, MERLIN IIIB, METRO II",COL description VAL Swearingen Metro III,1,0.9784262707574435,SWEARINGEN SA226,467,0.9784262707574435,SWEARINGEN,SA226,"MERLIN III, MERLIN IIIB, METRO II",Swearingen Metro III
COL make VAL AIRBUS COL model VAL A310 COL name VAL POLARIS,COL description VAL Airbus Industrie A310-300,1,0.9784206788172102,AIRBUS A310,693,0.9784206788172102,AIRBUS,A310,POLARIS,Airbus Industrie A310-300
"COL make VAL EMBRAER COL model VAL EMB135 COL name VAL LEGACY 600, ERJ135ER, ERJ140ER, ERJ140LR, ERJ135LR, LEGACY 650",COL description VAL Embraer Legacy 600,1,0.9774965537797493,EMBRAER EMB135,755,0.9774965537797493,EMBRAER,EMB135,"LEGACY 600, ERJ135ER, ERJ140ER, ERJ140LR, ERJ135LR, LEGACY 650",Embraer Legacy 600
COL make VAL LEARJET COL model VAL 60 COL name VAL LEARJET 60XR,COL description VAL Bombardier (Gates) Learjet 60,1,0.9773512389389679,LEARJET 60,659,0.9773512389389679,LEARJET,60,LEARJET 60XR,Bombardier (Gates) Learjet 60
COL make VAL MCDONNELL DOUGLAS COL model VAL DC10,COL description VAL McDonnell Douglas DC-10-10,1,0.9765786324444681,MCDONNELL DOUGLAS DC10,730,0.9765786324444681,MCDONNELL DOUGLAS,DC10,,McDonnell Douglas DC-10-10
"COL make VAL DASSAULT COL model VAL FALCON 2000EX COL name VAL FALCON 2000EX EASY, FALCON 2000DX, FALCON 2000LX, FALCON 2000LXS, FALCON 2000S",COL description VAL Dassault Falcon 2000EX/2000lxs,1,0.9764310751230119,DASSAULT FALCON 2000EX,682,0.9764310751230119,DASSAULT,FALCON 2000EX,"FALCON 2000EX EASY, FALCON 2000DX, FALCON 2000LX, FALCON 2000LXS, FALCON 2000S",Dassault Falcon 2000EX/2000lxs
"COL make VAL PIPER COL model VAL PA31T COL name VAL CHEYENNE I, CHEYENNE IA, CHEYENNE IIXL, T-1040, CHEYENNE, CHEYENNE II",COL description VAL Piper T-1040,1,0.9763957855141879,PIPER PA31T,478,0.9763957855141879,PIPER,PA31T,"CHEYENNE I, CHEYENNE IA, CHEYENNE IIXL, T-1040, CHEYENNE, CHEYENNE II",Piper T-1040
"COL make VAL BEECH COL model VAL 90 COL name VAL KING AIR, NEXTANT G90XT",COL description VAL Beech King Air 90,1,0.9763461932145441,BEECH 90,111,0.9763461932145441,BEECH,90,"KING AIR, NEXTANT G90XT",Beech King Air 90
"COL make VAL AIRBUS COL model VAL A300 COL name VAL BELUGA, SUPER TRANSPORTER",COL description VAL Airbus Industrie A300-B2,1,0.9763315067219703,AIRBUS A300,695,0.9763315067219703,AIRBUS,A300,"BELUGA, SUPER TRANSPORTER",Airbus Industrie A300-B2
COL make VAL CESSNA COL model VAL 180 COL name VAL SKYWAGON,COL description VAL Cessna 180A/B,1,0.9761592845161307,CESSNA 180,31,0.9761592845161307,CESSNA,180,SKYWAGON,Cessna 180A/B
"COL make VAL BEECH COL model VAL 90 COL name VAL KING AIR, NEXTANT G90XT",COL description VAL Beech King Air C-90,1,0.9759826099343332,BEECH 90,457,0.9759826099343332,BEECH,90,"KING AIR, NEXTANT G90XT",Beech King Air C-90
COL make VAL BOEING COL model VAL 777,COL description VAL Boeing B777-F,1,0.9756717850469478,BOEING 777,683,0.9756717850469478,BOEING,777,,Boeing B777-F
"COL make VAL AIRBUS COL model VAL A319 COL name VAL ACJ319 NEO, ACJ319",COL description VAL Airbus Industrie A319,1,0.9752073166554716,AIRBUS A319,698,0.9752073166554716,AIRBUS,A319,"ACJ319 NEO, ACJ319",Airbus Industrie A319
COL make VAL LEARJET COL model VAL 31,COL description VAL Gates Learjet Lear-31/35/36,1,0.975110835553933,LEARJET 31,663,0.975110835553933,LEARJET,31,,Gates Learjet Lear-31/35/36
COL make VAL BOEING COL model VAL 787 COL name VAL DREAMLINER,COL description VAL B787-900 Dreamliner,1,0.9749269726170369,BOEING 787,889,0.9749269726170369,BOEING,787,DREAMLINER,B787-900 Dreamliner
"COL make VAL ROBINSON COL model VAL R44 COL name VAL CLIPPER II, RAVEN II, ASTRO, CLIPPER, RAVEN, RAVEN I, CLIPPER I, CADET",COL description VAL Robinson R44,1,0.9746892475599777,ROBINSON R44,360,0.9746892475599777,ROBINSON,R44,"CLIPPER II, RAVEN II, ASTRO, CLIPPER, RAVEN, RAVEN I, CLIPPER I, CADET",Robinson R44
COL make VAL CONVAIR COL model VAL 580 COL name VAL SUPER 580,COL description VAL Convair CV-580,1,0.9746616177623573,CONVAIR 580,430,0.9746616177623573,CONVAIR,580,SUPER 580,Convair CV-580
"COL make VAL BOMBARDIER COL model VAL BD700 COL name VAL GLOBAL EXPRESS, GLOBAL 5000, GLOBAL 6000, GLOBAL 7500, GLOBAL EXPRESS XRS, GLOBAL 6500, GLOBAL 5500, GLOBAL 8000",COL description VAL Bombardier Global 7500 BD-7500,1,0.9744249129440634,BOMBARDIER BD700,751,0.9744249129440634,BOMBARDIER,BD700,"GLOBAL EXPRESS, GLOBAL 5000, GLOBAL 6000, GLOBAL 7500, GLOBAL EXPRESS XRS, GLOBAL 6500, GLOBAL 5500, GLOBAL 8000",Bombardier Global 7500 BD-7500
"COL make VAL BOMBARDIER COL model VAL BD700 COL name VAL GLOBAL EXPRESS, GLOBAL 5000, GLOBAL 6000, GLOBAL 7500, GLOBAL EXPRESS XRS, GLOBAL 6500, GLOBAL 5500, GLOBAL 8000",COL description VAL Bombardier Global 5000,1,0.9744104262275054,BOMBARDIER BD700,688,0.9744104262275054,BOMBARDIER,BD700,"GLOBAL EXPRESS, GLOBAL 5000, GLOBAL 6000, GLOBAL 7500, GLOBAL EXPRESS XRS, GLOBAL 6500, GLOBAL 5500, GLOBAL 8000",Bombardier Global 5000
COL make VAL BELL COL model VAL 412,COL description VAL Bell Bht 412,1,0.9736998974424699,BELL 412,368,0.9736998974424699,BELL,412,,Bell Bht 412
COL make VAL DASSAULT COL model VAL FALCON 7X COL name VAL 8X,COL description VAL Dassault Falcon 7X,1,0.9734287869217574,DASSAULT FALCON 7X,775,0.9734287869217574,DASSAULT,FALCON 7X,8X,Dassault Falcon 7X
COL make VAL AIRBUS COL model VAL A380,COL description VAL Airbus Industrie A380-800,1,0.9734263756198628,AIRBUS A380,882,0.9734263756198628,AIRBUS,A380,,Airbus Industrie A380-800
"COL make VAL SOCATA COL model VAL TBM700 COL name VAL TBM850, TBM900, TBM910, TBM930, TBM850 G1000",COL description VAL Socata TBM850,1,0.9731915147334611,SOCATA TBM700,431,0.9731915147334611,SOCATA,TBM700,"TBM850, TBM900, TBM910, TBM930, TBM850 G1000",Socata TBM850
COL make VAL AGUSTA COL model VAL AW139,COL description VAL Agustawestland AW139,1,0.9731741857796442,AGUSTA AW139,393,0.9731741857796442,AGUSTA,AW139,,Agustawestland AW139
COL make VAL BEECH COL model VAL 35 COL name VAL BONANZA,COL description VAL Beech Bonanza 35A/C/D/E/G/H/J/K/S/V/  36A,1,0.9723193461419161,BEECH 35,10,0.9723193461419161,BEECH,35,BONANZA,Beech Bonanza 35A/C/D/E/G/H/J/K/S/V/  36A
"COL make VAL BOEING COL model VAL 737 COL name VAL SURVEILLER, POSEIDON, MAX 8, MAX 9, MAX 7, MAX 8200, MAX 10",COL description VAL Boeing B737 Max 800,1,0.9723047535809523,BOEING 737,838,0.9723047535809523,BOEING,737,"SURVEILLER, POSEIDON, MAX 8, MAX 9, MAX 7, MAX 8200, MAX 10",Boeing B737 Max 800
"COL make VAL AIRBUS COL model VAL A330 COL name VAL MULTIROLE TRANSPORT AND TANKER, BELUGA XL, PRESTIGE, PHENIX",COL description VAL Airbus A330-900neo,1,0.972257789786523,AIRBUS A330,824,0.972257789786523,AIRBUS,A330,"MULTIROLE TRANSPORT AND TANKER, BELUGA XL, PRESTIGE, PHENIX",Airbus A330-900neo
COL make VAL AIRBUS COL model VAL A310 COL name VAL POLARIS,COL description VAL Airbus Industrie A310-200C/F,1,0.9718944332370213,AIRBUS A310,692,0.9718944332370213,AIRBUS,A310,POLARIS,Airbus Industrie A310-200C/F
"COL make VAL DOUGLAS COL model VAL DC8 COL name VAL SUPER 60, SUPER 70, JET TRADER",COL description VAL McDonnell Douglas DC-8-63F,1,0.9716429819309113,DOUGLAS DC8,852,0.9716429819309113,DOUGLAS,DC8,"SUPER 60, SUPER 70, JET TRADER",McDonnell Douglas DC-8-63F
COL make VAL MCDONNELL DOUGLAS COL model VAL DC10,COL description VAL McDonnell Douglas DC-10-40,1,0.9716167100553865,MCDONNELL DOUGLAS DC10,733,0.9716167100553865,MCDONNELL DOUGLAS,DC10,,McDonnell Douglas DC-10-40
COL make VAL BEECH COL model VAL 55 COL name VAL BARON,COL description VAL Beech Baron (55 Series),1,0.9715270109636148,BEECH 55,117,0.9715270109636148,BEECH,55,BARON,Beech Baron (55 Series)
"COL make VAL CESSNA COL model VAL 650 COL name VAL CITATION III, CITATION VI, CITATION VII",COL description VAL Cessna Citation X Model 650/550B/550XL,1,0.9714800617672747,CESSNA 650,646,0.9714800617672747,CESSNA,650,"CITATION III, CITATION VI, CITATION VII",Cessna Citation X Model 650/550B/550XL
COL make VAL CESSNA COL model VAL 180 COL name VAL SKYWAGON,COL description VAL Cessna 180,1,0.9712095872644325,CESSNA 180,30,0.9712095872644325,CESSNA,180,SKYWAGON,Cessna 180
COL make VAL BOEING COL model VAL 787 COL name VAL DREAMLINER,COL description VAL B787-800 Dreamliner,1,0.9711127580162797,BOEING 787,887,0.9711127580162797,BOEING,787,DREAMLINER,B787-800 Dreamliner
"COL make VAL BOEING COL model VAL 737 COL name VAL SURVEILLER, POSEIDON, MAX 8, MAX 9, MAX 7, MAX 8200, MAX 10",COL description VAL Boeing B737 Max 900,1,0.9708979276865788,BOEING 737,839,0.9708979276865788,BOEING,737,"SURVEILLER, POSEIDON, MAX 8, MAX 9, MAX 7, MAX 8200, MAX 10",Boeing B737 Max 900
COL make VAL MCDONNELL DOUGLAS COL model VAL DC10,COL description VAL McDonnell Douglas DC-10-30,1,0.9708871877028099,MCDONNELL DOUGLAS DC10,732,0.9708871877028099,MCDONNELL DOUGLAS,DC10,,McDonnell Douglas DC-10-30
COL make VAL ATR COL model VAL ATR42 COL name VAL 600 VERSION,COL description VAL Aerospatiale/Aeritalia ATR-42,1,0.9707437983426912,ATR ATR42,441,0.9707437983426912,ATR,ATR42,600 VERSION,Aerospatiale/Aeritalia ATR-42
COL make VAL CURTISS WRIGHT COL model VAL C46 COL name VAL COMMANDO,COL description VAL Curtiss C46/20t/A/D/F/R Commando,1,0.9705897213549641,CURTISS WRIGHT C46,150,0.9705897213549641,CURTISS WRIGHT,C46,COMMANDO,Curtiss C46/20t/A/D/F/R Commando
COL make VAL TECNAM COL model VAL P2012 COL name VAL TRAVELLER,COL description VAL P2012 Traveler,1,0.970328755529121,TECNAM P2012,102,0.970328755529121,TECNAM,P2012,TRAVELLER,P2012 Traveler
"COL make VAL CESSNA COL model VAL 680 COL name VAL SOVEREIGN, LATITUDE",COL description VAL Cessna CE-680 Citation Sovereign,1,0.9697359193720017,CESSNA 680,653,0.9697359193720017,CESSNA,680,"SOVEREIGN, LATITUDE",Cessna CE-680 Citation Sovereign
COL make VAL SAAB COL model VAL 2000,COL description VAL Saab 2000,1,0.9694363297510525,SAAB 2000,432,0.9694363297510525,SAAB,2000,,Saab 2000
COL make VAL GULFSTREAM COL model VAL GVII,COL description VAL Gulfstream Aerospace Gulfstream G600,1,0.9693693746894553,GULFSTREAM GVII,753,0.9693693746894553,GULFSTREAM,GVII,,Gulfstream Aerospace Gulfstream G600
"COL make VAL DOUGLAS COL model VAL DC8 COL name VAL SUPER 60, SUPER 70, JET TRADER",COL description VAL McDonnell Douglas DC-8-72,1,0.9692293289246203,DOUGLAS DC8,862,0.9692293289246203,DOUGLAS,DC8,"SUPER 60, SUPER 70, JET TRADER",McDonnell Douglas DC-8-72
COL make VAL PIAGGIO COL model VAL P180 COL name VAL EVO,COL description VAL Piaggio P180 Avanti,1,0.9692123016917753,PIAGGIO P180,425,0.9692123016917753,PIAGGIO,P180,EVO,Piaggio P180 Avanti
"COL make VAL DOUGLAS COL model VAL DC8 COL name VAL SUPER 60, SUPER 70, JET TRADER",COL description VAL McDonnell Douglas DC-8-71,1,0.9691953543133192,DOUGLAS DC8,860,0.9691953543133192,DOUGLAS,DC8,"SUPER 60, SUPER 70, JET TRADER",McDonnell Douglas DC-8-71
"COL make VAL PIPER COL model VAL PA31 COL name VAL NAVAJO, NAVAJO C/R, CHIEFTAIN, T-1020",COL description VAL Piper PA-31 (Navajo)/T-1020,1,0.9690474057324725,PIPER PA31,194,0.9690474057324725,PIPER,PA31,"NAVAJO, NAVAJO C/R, CHIEFTAIN, T-1020",Piper PA-31 (Navajo)/T-1020
"COL make VAL DE HAVILLAND COL model VAL DHC2 COL name VAL BEAVER, TURBO BEAVER",COL description VAL De Havilland DHC2 Beaver,1,0.9690162540095493,DE HAVILLAND DHC2,40,0.9690162540095493,DE HAVILLAND,DHC2,"BEAVER, TURBO BEAVER",De Havilland DHC2 Beaver
"COL make VAL CONVAIR COL model VAL 340 COL name VAL LINER, SAMARITAN",COL description VAL Convair CV-340/440,1,0.9688684113521091,CONVAIR 340,143,0.9688684113521091,CONVAIR,340,"LINER, SAMARITAN",Convair CV-340/440
"COL make VAL DOUGLAS COL model VAL DC8 COL name VAL SUPER 60, SUPER 70, JET TRADER",COL description VAL McDonnell Douglas DC-8-73,1,0.9683017215745287,DOUGLAS DC8,864,0.9683017215745287,DOUGLAS,DC8,"SUPER 60, SUPER 70, JET TRADER",McDonnell Douglas DC-8-73
"COL make VAL BELL COL model VAL 206 COL name VAL JET RANGER, JET RANGER III, JET RANGER II, LONG RANGER, LONG RANGER II, LONG RANGER III, LONG RANGER IV, TWINRANGER, GEMINI ST",COL description VAL Bell B-206A,1,0.9680368984125636,BELL 206,315,0.9680368984125636,BELL,206,"JET RANGER, JET RANGER III, JET RANGER II, LONG RANGER, LONG RANGER II, LONG RANGER III, LONG RANGER IV, TWINRANGER, GEMINI ST",Bell B-206A
"COL make VAL DE HAVILLAND COL model VAL DHC8 COL name VAL DASH 8, DASH 8 Q400",COL description VAL De Havilland DHC8-300 Dash 8,1,0.966029595071456,DE HAVILLAND DHC8,484,0.966029595071456,DE HAVILLAND,DHC8,"DASH 8, DASH 8 Q400",De Havilland DHC8-300 Dash 8
"COL make VAL BEECH COL model VAL 100 COL name VAL KING AIR, SUPER KING AIR",COL description VAL Beechcraft King Air B100,1,0.9659458762377221,BEECH 100,409,0.9659458762377221,BEECH,100,"KING AIR, SUPER KING AIR",Beechcraft King Air B100
"COL make VAL EMBRAER COL model VAL EMB550 COL name VAL LEGACY 500, PRAETOR 600",COL description VAL Embraer Praetor 600,1,0.9657010583614736,EMBRAER EMB550,754,0.9657010583614736,EMBRAER,EMB550,"LEGACY 500, PRAETOR 600",Embraer Praetor 600
COL make VAL HAWKER COL model VAL HAWKER 800,COL description VAL Raytheon Beechcraft Hawker 800XP,1,0.9653146821151531,HAWKER HAWKER 800,684,0.9653146821151531,HAWKER,HAWKER 800,,Raytheon Beechcraft Hawker 800XP
"COL make VAL DOUGLAS COL model VAL DC8 COL name VAL SUPER 60, SUPER 70, JET TRADER",COL description VAL McDonnell Douglas DC-8-73F,1,0.9652145586255247,DOUGLAS DC8,865,0.9652145586255247,DOUGLAS,DC8,"SUPER 60, SUPER 70, JET TRADER",McDonnell Douglas DC-8-73F
COL make VAL GULFSTREAM COL model VAL GVII,COL description VAL Gulfstream Aerospace G500,1,0.9647659837362519,GULFSTREAM GVII,749,0.9647659837362519,GULFSTREAM,GVII,,Gulfstream Aerospace G500
"COL make VAL BELL COL model VAL 407 COL name VAL 407GX, 407GXP, 407GXI",COL description VAL Bell Bht 407,1,0.9643195418914141,BELL 407,366,0.9643195418914141,BELL,407,"407GX, 407GXP, 407GXI",Bell Bht 407
COL make VAL HAWKER COL model VAL HAWKER 900,COL description VAL Raytheon Beechcraft Hawker 900XP,1,0.9639210450836871,HAWKER HAWKER 900,672,0.9639210450836871,HAWKER,HAWKER 900,,Raytheon Beechcraft Hawker 900XP
"COL make VAL GULFSTREAM COL model VAL GIV COL name VAL G300, G400, G350, G450",COL description VAL Gulfstream G450,1,0.9638243364736373,GULFSTREAM GIV,671,0.9638243364736373,GULFSTREAM,GIV,"G300, G400, G350, G450",Gulfstream G450
"COL make VAL BEECH COL model VAL 100 COL name VAL KING AIR, SUPER KING AIR",COL description VAL Beechcraft Super King Air,1,0.9636447400833598,BEECH 100,458,0.9636447400833598,BEECH,100,"KING AIR, SUPER KING AIR",Beechcraft Super King Air
COL make VAL MCDONNELL DOUGLAS COL model VAL MD90,COL description VAL McDonnell Douglas MD-90,1,0.9633331237275115,MCDONNELL DOUGLAS MD90,656,0.9633331237275115,MCDONNELL DOUGLAS,MD90,,McDonnell Douglas MD-90
COL make VAL GRUMMAN COL model VAL G1159 COL name VAL GULFSTREAM II,COL description VAL Grumman G-1159 Gulfstream II/III,1,0.9625644096468757,GRUMMAN G1159,679,0.9625644096468757,GRUMMAN,G1159,GULFSTREAM II,Grumman G-1159 Gulfstream II/III
"COL make VAL BEECH COL model VAL 18 COL name VAL SUPER 18, TURBO 18",COL description VAL Beechcraft Beech 18 C-185,1,0.9625501155387541,BEECH 18,110,0.9625501155387541,BEECH,18,"SUPER 18, TURBO 18",Beechcraft Beech 18 C-185
"COL make VAL ATR COL model VAL ATR72 COL name VAL 500 VERSION, 600 VERSION, 600F VERSION",COL description VAL Aerospatiale/Aeritalia ATR-72,1,0.9622946133607887,ATR ATR72,442,0.9622946133607887,ATR,ATR72,"500 VERSION, 600 VERSION, 600F VERSION",Aerospatiale/Aeritalia ATR-72
"COL make VAL DE HAVILLAND COL model VAL DHC8 COL name VAL DASH 8, DASH 8 Q400",COL description VAL De Havilland DHC8-200Q Dash-8,1,0.9618663681317343,DE HAVILLAND DHC8,491,0.9618663681317343,DE HAVILLAND,DHC8,"DASH 8, DASH 8 Q400",De Havilland DHC8-200Q Dash-8
"COL make VAL LEARJET COL model VAL 45 COL name VAL LEARJET 40, LEARJET 75, LEARJET 70, LEARJET 75 LIBERTY",COL description VAL Learjet45,1,0.9612372864385368,LEARJET 45,686,0.9612372864385368,LEARJET,45,"LEARJET 40, LEARJET 75, LEARJET 70, LEARJET 75 LIBERTY",Learjet45
"COL make VAL DE HAVILLAND COL model VAL DHC8 COL name VAL DASH 8, DASH 8 Q400",COL description VAL De Havilland DHC8-400 Dash-8,1,0.9596985654902844,DE HAVILLAND DHC8,482,0.9596985654902844,DE HAVILLAND,DHC8,"DASH 8, DASH 8 Q400",De Havilland DHC8-400 Dash-8
COL make VAL DASSAULT COL model VAL FALCON 2000,COL description VAL Dassault Falcon 2000,1,0.9590317699351425,DASSAULT FALCON 2000,774,0.9590317699351425,DASSAULT,FALCON 2000,,Dassault Falcon 2000
"COL make VAL AIRBUS COL model VAL A330 COL name VAL MULTIROLE TRANSPORT AND TANKER, BELUGA XL, PRESTIGE, PHENIX",COL description VAL Airbus Industrie A330-200,1,0.9588076832877597,AIRBUS A330,696,0.9588076832877597,AIRBUS,A330,"MULTIROLE TRANSPORT AND TANKER, BELUGA XL, PRESTIGE, PHENIX",Airbus Industrie A330-200
"COL make VAL AIRBUS COL model VAL A330 COL name VAL MULTIROLE TRANSPORT AND TANKER, BELUGA XL, PRESTIGE, PHENIX",COL description VAL Airbus Industrie A330-900,1,0.9585595770330575,AIRBUS A330,339,0.9585595770330575,AIRBUS,A330,"MULTIROLE TRANSPORT AND TANKER, BELUGA XL, PRESTIGE, PHENIX",Airbus Industrie A330-900
COL make VAL BEECH COL model VAL 1900 COL name VAL AIRLINER,COL description VAL Beech 1900 A/B/C/D,1,0.9579165012347626,BEECH 1900,405,0.9579165012347626,BEECH,1900,AIRLINER,Beech 1900 A/B/C/D
"COL make VAL BOMBARDIER COL model VAL CL600 2D24 COL name VAL REGIONAL JET 900, CHALLENGER 890",COL description VAL Canadair CRJ 900,1,0.9578993995109153,BOMBARDIER CL600 2D24,638,0.9578993995109153,BOMBARDIER,CL600 2D24,"REGIONAL JET 900, CHALLENGER 890",Canadair CRJ 900
COL make VAL DASSAULT COL model VAL FALCON 7X COL name VAL 8X,COL description VAL Dassault Falcon 8x,1,0.9570459190059307,DASSAULT FALCON 7X,725,0.9570459190059307,DASSAULT,FALCON 7X,8X,Dassault Falcon 8x
"COL make VAL EMBRAER COL model VAL EMB135 COL name VAL LEGACY 600, ERJ135ER, ERJ140ER, ERJ140LR, ERJ135LR, LEGACY 650",COL description VAL Embraer Legacy 650,1,0.9564430553254364,EMBRAER EMB135,833,0.9564430553254364,EMBRAER,EMB135,"LEGACY 600, ERJ135ER, ERJ140ER, ERJ140LR, ERJ135LR, LEGACY 650",Embraer Legacy 650
COL make VAL BEECH COL model VAL 80 COL name VAL QUEEN AIR,COL description VAL Beech 65/65A-80/65B-80 (Queen Air),1,0.9562504670656521,BEECH 80,133,0.9562504670656521,BEECH,80,QUEEN AIR,Beech 65/65A-80/65B-80 (Queen Air)
"COL make VAL DE HAVILLAND COL model VAL DHC8 COL name VAL DASH 8, DASH 8 Q400",COL description VAL De Havilland DHC8-100 Dash-8,1,0.9561816622052433,DE HAVILLAND DHC8,483,0.9561816622052433,DE HAVILLAND,DHC8,"DASH 8, DASH 8 Q400",De Havilland DHC8-100 Dash-8
COL make VAL CESSNA COL model VAL S550 COL name VAL CITATION S II,COL description VAL Cessna Citation II/ Bravo,1,0.9561304383376218,CESSNA S550,636,0.9561304383376218,CESSNA,S550,CITATION S II,Cessna Citation II/ Bravo
"COL make VAL CESSNA COL model VAL 525 COL name VAL CITATIONJET, CITATION M2",COL description VAL Cessna Citationjet/CJ1/CJ2/CJ3,1,0.9554137594965759,CESSNA 525,639,0.9554137594965759,CESSNA,525,"CITATIONJET, CITATION M2",Cessna Citationjet/CJ1/CJ2/CJ3
COL make VAL DOUGLAS COL model VAL DC6 COL name VAL LIFTMASTER,COL description VAL McDonnell Douglas DC-6,1,0.955346014143586,DOUGLAS DC6,216,0.955346014143586,DOUGLAS,DC6,LIFTMASTER,McDonnell Douglas DC-6
"COL make VAL BELL COL model VAL 206 COL name VAL JET RANGER, JET RANGER III, JET RANGER II, LONG RANGER, LONG RANGER II, LONG RANGER III, LONG RANGER IV, TWINRANGER, GEMINI ST",COL description VAL Bht 206 L4 Long Ranger,1,0.9550089837455696,BELL 206,364,0.9550089837455696,BELL,206,"JET RANGER, JET RANGER III, JET RANGER II, LONG RANGER, LONG RANGER II, LONG RANGER III, LONG RANGER IV, TWINRANGER, GEMINI ST",Bht 206 L4 Long Ranger
"COL make VAL AIRBUS COL model VAL A330 COL name VAL MULTIROLE TRANSPORT AND TANKER, BELUGA XL, PRESTIGE, PHENIX",COL description VAL Airbus Industrie A330-300/333,1,0.9549322906191363,AIRBUS A330,687,0.9549322906191363,AIRBUS,A330,"MULTIROLE TRANSPORT AND TANKER, BELUGA XL, PRESTIGE, PHENIX",Airbus Industrie A330-300/333
COL make VAL GULFSTREAM COL model VAL GVII,COL description VAL Gulfstream Aerospace G500C,1,0.95485379769488,GULFSTREAM GVII,501,0.95485379769488,GULFSTREAM,GVII,,Gulfstream Aerospace G500C
"COL make VAL AIRBUS COL model VAL A300 COL name VAL BELUGA, SUPER TRANSPORTER",COL description VAL Airbus Industrie A300-600/R/CF/RCF,1,0.9542256798484449,AIRBUS A300,691,0.9542256798484449,AIRBUS,A300,"BELUGA, SUPER TRANSPORTER",Airbus Industrie A300-600/R/CF/RCF
"COL make VAL BOMBARDIER COL model VAL BD100 COL name VAL CHALLENGER 300, CHALLENGER 350, CHALLENGER 3500",COL description VAL Bombardier BD-100-1A10 Challenger 300,1,0.9540798625701279,BOMBARDIER BD100,609,0.9540798625701279,BOMBARDIER,BD100,"CHALLENGER 300, CHALLENGER 350, CHALLENGER 3500",Bombardier BD-100-1A10 Challenger 300
"COL make VAL CESSNA COL model VAL 402 COL name VAL BUSINESSLINER, UTILILINER, 402 TURBINE",COL description VAL Cessna C-402/402A/402B,1,0.9535496419466843,CESSNA 402,125,0.9535496419466843,CESSNA,402,"BUSINESSLINER, UTILILINER, 402 TURBINE",Cessna C-402/402A/402B
"COL make VAL DE HAVILLAND COL model VAL DHC3 COL name VAL OTTER, TURBO OTTER",COL description VAL De Havilland DHC3 Otter,1,0.9533957277599194,DE HAVILLAND DHC3,42,0.9533957277599194,DE HAVILLAND,DHC3,"OTTER, TURBO OTTER",De Havilland DHC3 Otter
COL make VAL DASSAULT COL model VAL MYSTERE FALCON 50 COL name VAL FALCON 50EX,COL description VAL Dassault Falcon 50,1,0.9513636382195082,DASSAULT MYSTERE FALCON 50,771,0.9513636382195082,DASSAULT,MYSTERE FALCON 50,FALCON 50EX,Dassault Falcon 50
COL make VAL TUPOLEV COL model VAL TU204,COL description VAL Tupolev TU-204-300,1,0.9508208266464654,TUPOLEV TU204,649,0.9508208266464654,TUPOLEV,TU204,,Tupolev TU-204-300
"COL make VAL BOMBARDIER COL model VAL BD700 COL name VAL GLOBAL EXPRESS, GLOBAL 5000, GLOBAL 6000, GLOBAL 7500, GLOBAL EXPRESS XRS, GLOBAL 6500, GLOBAL 5500, GLOBAL 8000",COL description VAL Bombardier BD-700 Global Express,1,0.9502141742437953,BOMBARDIER BD700,658,0.9502141742437953,BOMBARDIER,BD700,"GLOBAL EXPRESS, GLOBAL 5000, GLOBAL 6000, GLOBAL 7500, GLOBAL EXPRESS XRS, GLOBAL 6500, GLOBAL 5500, GLOBAL 8000",Bombardier BD-700 Global Express
"COL make VAL LOCKHEED COL model VAL 1329 COL name VAL JETSTAR, JETSTAR 8, JETSTAR II",COL description VAL Lockheed Jetstar,1,0.9497916231769308,LOCKHEED 1329,870,0.9497916231769308,LOCKHEED,1329,"JETSTAR, JETSTAR 8, JETSTAR II",Lockheed Jetstar
COL make VAL CESSNA COL model VAL 441 COL name VAL CONQUEST II,COL description VAL Cessna C-441,1,0.9496610934059276,CESSNA 441,418,0.9496610934059276,CESSNA,441,CONQUEST II,Cessna C-441
COL make VAL MCDONNELL DOUGLAS COL model VAL DC10,COL description VAL McDonnell Douglas DC-10-30CF,1,0.948913385552642,MCDONNELL DOUGLAS DC10,735,0.948913385552642,MCDONNELL DOUGLAS,DC10,,McDonnell Douglas DC-10-30CF
COL make VAL AIRBUS COL model VAL A321 COL name VAL XLR,COL description VAL Airbus Industrie A321/Lr,1,0.9489029710037608,AIRBUS A321,699,0.9489029710037608,AIRBUS,A321,XLR,Airbus Industrie A321/Lr
COL make VAL GRUMMAN COL model VAL G159 COL name VAL GULFSTREAM I,COL description VAL Gulfstream I,1,0.9487100957765702,GRUMMAN G159,470,0.9487100957765702,GRUMMAN,G159,GULFSTREAM I,Gulfstream I
"COL make VAL SWEARINGEN COL model VAL SA226 COL name VAL MERLIN III, MERLIN IIIB, METRO II",COL description VAL Fairchild Metro 23,1,0.9472998233826151,SWEARINGEN SA226,455,0.9472998233826151,SWEARINGEN,SA226,"MERLIN III, MERLIN IIIB, METRO II",Fairchild Metro 23
"COL make VAL BOMBARDIER COL model VAL CL600 2B19 COL name VAL REGIONAL JET 100, REGIONAL JET 440, CRJ200, CHALLENGER 850, CHALLENGER 800, CHALLENGER SPECIAL EDITION",COL description VAL Canadair RJ-200ER /RJ-440,1,0.9470823460758759,BOMBARDIER CL600 2B19,629,0.9470823460758759,BOMBARDIER,CL600 2B19,"REGIONAL JET 100, REGIONAL JET 440, CRJ200, CHALLENGER 850, CHALLENGER 800, CHALLENGER SPECIAL EDITION",Canadair RJ-200ER /RJ-440
"COL make VAL AIRBUS COL model VAL A300 COL name VAL BELUGA, SUPER TRANSPORTER",COL description VAL Airbus Industrie A300B/C/F-100/200,1,0.9462515809753773,AIRBUS A300,690,0.9462515809753773,AIRBUS,A300,"BELUGA, SUPER TRANSPORTER",Airbus Industrie A300B/C/F-100/200
"COL make VAL EMBRAER COL model VAL EMB550 COL name VAL LEGACY 500, PRAETOR 600",COL description VAL Embraer Legacy 500,1,0.9458518027241729,EMBRAER EMB550,745,0.9458518027241729,EMBRAER,EMB550,"LEGACY 500, PRAETOR 600",Embraer Legacy 500
COL make VAL AGUSTA COL model VAL AW119 COL name VAL KOALA,COL description VAL Agusta A-119 Koala,1,0.9442763570482348,AGUSTA AW119,325,0.9442763570482348,AGUSTA,AW119,KOALA,Agusta A-119 Koala
COL make VAL SUD AVIATION COL model VAL SE210 COL name VAL CARAVELLE,COL description VAL Aerospatiale Caravelle SE-210,1,0.9412554145755104,SUD AVIATION SE210,680,0.9412554145755104,SUD AVIATION,SE210,CARAVELLE,Aerospatiale Caravelle SE-210
COL make VAL AIRBUS COL model VAL A350 COL name VAL ACJ350 XWB,COL description VAL Airbus Industrie A350-900,1,0.9403738615831245,AIRBUS A350,359,0.9403738615831245,AIRBUS,A350,ACJ350 XWB,Airbus Industrie A350-900
COL make VAL BAE COL model VAL JETSTREAM 3100,COL description VAL British Aerospace Jetstream 41,1,0.939592535395935,BAE JETSTREAM 3100,471,0.939592535395935,BAE,JETSTREAM 3100,,British Aerospace Jetstream 41
COL make VAL BOEING COL model VAL 777,COL description VAL Boeing 777-200ER/200LR/233LR,1,0.9394873583053357,BOEING 777,627,0.9394873583053357,BOEING,777,,Boeing 777-200ER/200LR/233LR
COL make VAL BEECH COL model VAL 99 COL name VAL AIRLINER,COL description VAL Beech C99,1,0.9394149853152861,BEECH 99,404,0.9394149853152861,BEECH,99,AIRLINER,Beech C99
COL make VAL SIKORSKY COL model VAL S76 COL name VAL SPIRIT,COL description VAL Sikorsky S-76,1,0.9357038901363862,SIKORSKY S76,390,0.9357038901363862,SIKORSKY,S76,SPIRIT,Sikorsky S-76
"COL make VAL BEECH COL model VAL 200 COL name VAL SUPER KING AIR, KING AIR 250, 1300 COMMUTER, KING AIR 260",COL description VAL Beech 200 Super Kingair,1,0.9356706476275108,BEECH 200,406,0.9356706476275108,BEECH,200,"SUPER KING AIR, KING AIR 250, 1300 COMMUTER, KING AIR 260",Beech 200 Super Kingair
"COL make VAL CANADAIR COL model VAL CL600 2B16 COL name VAL CHALLENGER 601, CHALLENGER 604, CHALLENGER 605, CHALLENGER 650, NEXTANT 604XT",COL description VAL Canadair (Bombardier) Challlenger 601,1,0.9335811343955421,CANADAIR CL600 2B16,668,0.9335811343955421,CANADAIR,CL600 2B16,"CHALLENGER 601, CHALLENGER 604, CHALLENGER 605, CHALLENGER 650, NEXTANT 604XT",Canadair (Bombardier) Challlenger 601
"COL make VAL DOUGLAS COL model VAL DC9 COL name VAL MD81, MD82, MD83, MD87",COL description VAL McDonnell Douglas DC-9-15F,1,0.9335411961252196,DOUGLAS DC9,635,0.9335411961252196,DOUGLAS,DC9,"MD81, MD82, MD83, MD87",McDonnell Douglas DC-9-15F
COL make VAL BAE COL model VAL JETSTREAM 3100,COL description VAL British Aerospace Jetstream 31,1,0.9315727441440542,BAE JETSTREAM 3100,469,0.9315727441440542,BAE,JETSTREAM 3100,,British Aerospace Jetstream 31
"COL make VAL BEECH COL model VAL 100 COL name VAL KING AIR, SUPER KING AIR",COL description VAL Raytheon King Air A100,1,0.93003235505021,BEECH 100,434,0.93003235505021,BEECH,100,"KING AIR, SUPER KING AIR",Raytheon King Air A100
"COL make VAL FOKKER COL model VAL F28 COL name VAL FOKKER 70, FOKKER 100, FELLOWSHIP",COL description VAL Fokker 100,1,0.9298987978359278,FOKKER F28,603,0.9298987978359278,FOKKER,F28,"FOKKER 70, FOKKER 100, FELLOWSHIP",Fokker 100
"COL make VAL BOMBARDIER COL model VAL CL600 2B19 COL name VAL REGIONAL JET 100, REGIONAL JET 440, CRJ200, CHALLENGER 850, CHALLENGER 800, CHALLENGER SPECIAL EDITION",COL description VAL Bombardier CRJ 705,1,0.9297138038804309,BOMBARDIER CL600 2B19,657,0.9297138038804309,BOMBARDIER,CL600 2B19,"REGIONAL JET 100, REGIONAL JET 440, CRJ200, CHALLENGER 850, CHALLENGER 800, CHALLENGER SPECIAL EDITION",Bombardier CRJ 705
"COL make VAL LEARJET COL model VAL 45 COL name VAL LEARJET 40, LEARJET 75, LEARJET 70, LEARJET 75 LIBERTY",COL description VAL Bombardier Learjet 75,1,0.9270025294192573,LEARJET 45,575,0.9270025294192573,LEARJET,45,"LEARJET 40, LEARJET 75, LEARJET 70, LEARJET 75 LIBERTY",Bombardier Learjet 75
COL make VAL PIPER COL model VAL PA18S COL name VAL SUPER CUB,COL description VAL Piper PA-18 (Super-Cub),1,0.9267838329473203,PIPER PA18S,80,0.9267838329473203,PIPER,PA18S,SUPER CUB,Piper PA-18 (Super-Cub)
"COL make VAL HUGHES COL model VAL 369 COL name VAL 500, 500D, 500E, 500C",COL description VAL Hughes-500/530,1,0.9246868427396976,HUGHES 369,355,0.9246868427396976,HUGHES,369,"500, 500D, 500E, 500C",Hughes-500/530
COL make VAL AIRBUS COL model VAL A321 COL name VAL XLR,COL description VAL Airbus Industrie A321-200n,1,0.9246100560721936,AIRBUS A321,721,0.9246100560721936,AIRBUS,A321,XLR,Airbus Industrie A321-200n
"COL make VAL CANADAIR COL model VAL CL600 2B16 COL name VAL CHALLENGER 601, CHALLENGER 604, CHALLENGER 605, CHALLENGER 650, NEXTANT 604XT",COL description VAL Bombardier Challenger 604/605,1,0.9245135702123511,CANADAIR CL600 2B16,669,0.9245135702123511,CANADAIR,CL600 2B16,"CHALLENGER 601, CHALLENGER 604, CHALLENGER 605, CHALLENGER 650, NEXTANT 604XT",Bombardier Challenger 604/605
"COL make VAL DOUGLAS COL model VAL DC9 COL name VAL MD81, MD82, MD83, MD87",COL description VAL McDonnell Douglas DC-9-40,1,0.9225132306647451,DOUGLAS DC9,645,0.9225132306647451,DOUGLAS,DC9,"MD81, MD82, MD83, MD87",McDonnell Douglas DC-9-40
"COL make VAL BOMBARDIER COL model VAL BD100 COL name VAL CHALLENGER 300, CHALLENGER 350, CHALLENGER 3500",COL description VAL Bomardier Challenger 350,1,0.920916863509888,BOMBARDIER BD100,515,0.920916863509888,BOMBARDIER,BD100,"CHALLENGER 300, CHALLENGER 350, CHALLENGER 3500",Bomardier Challenger 350
"COL make VAL PIPER COL model VAL PA31T COL name VAL CHEYENNE I, CHEYENNE IA, CHEYENNE IIXL, T-1040, CHEYENNE, CHEYENNE II",COL description VAL Piper PA-30/31T Cheyenne II XL,1,0.9199783972883571,PIPER PA31T,476,0.9199783972883571,PIPER,PA31T,"CHEYENNE I, CHEYENNE IA, CHEYENNE IIXL, T-1040, CHEYENNE, CHEYENNE II",Piper PA-30/31T Cheyenne II XL
"COL make VAL AEROSPATIALE COL model VAL AS350 COL name VAL ECUREUIL, ASTAR",COL description VAL Eurocompter AS350 B2 AStar,1,0.9163016233295992,AEROSPATIALE AS350,340,0.9163016233295992,AEROSPATIALE,AS350,"ECUREUIL, ASTAR",Eurocompter AS350 B2 AStar
"COL make VAL CESSNA COL model VAL 208 COL name VAL CARGOMASTER, CARAVAN, SOLOY PATHFINDER 21, E CARAVAN",COL description VAL Cessna C208B/Grand Caravan,1,0.9150679948241637,CESSNA 208,415,0.9150679948241637,CESSNA,208,"CARGOMASTER, CARAVAN, SOLOY PATHFINDER 21, E CARAVAN",Cessna C208B/Grand Caravan
COL make VAL HAWKER SIDDELEY COL model VAL DH125,COL description VAL Hawker Siddeley 125,1,0.9086069985227365,HAWKER SIDDELEY DH125,665,0.9086069985227365,HAWKER SIDDELEY,DH125,,Hawker Siddeley 125
"COL make VAL DOUGLAS COL model VAL DC9 COL name VAL MD81, MD82, MD83, MD87",COL description VAL McDonnell Douglas DC-9-30,1,0.9063808808091397,DOUGLAS DC9,640,0.9063808808091397,DOUGLAS,DC9,"MD81, MD82, MD83, MD87",McDonnell Douglas DC-9-30
"COL make VAL EMBRAER COL model VAL ERJ190 COL name VAL LINEAGE 1000, 190AR, 190, 195AR, 195, E190 E2, E195 E2, E175 E2, E-FREIGHTER",COL description VAL Embraer ERJ-175,1,0.901273498467401,EMBRAER ERJ190,673,0.901273498467401,EMBRAER,ERJ190,"LINEAGE 1000, 190AR, 190, 195AR, 195, E190 E2, E195 E2, E175 E2, E-FREIGHTER",Embraer ERJ-175
COL make VAL HELIO COL model VAL H250 COL name VAL COURIER,COL description VAL Helio H-250/295/395,1,0.9001498713108466,HELIO H250,34,0.9001498713108466,HELIO,H250,COURIER,Helio H-250/295/395
"COL make VAL DOUGLAS COL model VAL DC9 COL name VAL MD81, MD82, MD83, MD87",COL description VAL McDonnell Douglas DC-9-50,1,0.8993340335742102,DOUGLAS DC9,650,0.8993340335742102,DOUGLAS,DC9,"MD81, MD82, MD83, MD87",McDonnell Douglas DC-9-50
"COL make VAL BOEING COL model VAL 747 COL name VAL INTERCONTINENTAL, DREAMLIFTER, SHUTTLE CARRIER",COL description VAL Boeing B747-8,1,0.8987292128083105,BOEING 747,821,0.8987292128083105,BOEING,747,"INTERCONTINENTAL, DREAMLIFTER, SHUTTLE CARRIER",Boeing B747-8
"COL make VAL BOMBARDIER COL model VAL CL600 2B19 COL name VAL REGIONAL JET 100, REGIONAL JET 440, CRJ200, CHALLENGER 850, CHALLENGER 800, CHALLENGER SPECIAL EDITION",COL description VAL Canadair RJ-100/RJ-100ER,1,0.8895420533685126,BOMBARDIER CL600 2B19,628,0.8895420533685126,BOMBARDIER,CL600 2B19,"REGIONAL JET 100, REGIONAL JET 440, CRJ200, CHALLENGER 850, CHALLENGER 800, CHALLENGER SPECIAL EDITION",Canadair RJ-100/RJ-100ER
COL make VAL EMBRAER COL model VAL EMB120 COL name VAL BRASILIA,COL description VAL Embraer EMB-120 Brasilia,1,0.8840232045773977,EMBRAER EMB120,461,0.8840232045773977,EMBRAER,EMB120,BRASILIA,Embraer EMB-120 Brasilia
COL make VAL ANTONOV COL model VAL AN225 COL name VAL MRIYA,COL description VAL Antonov 124,1,0.8838737244497114,ANTONOV AN225,880,0.8838737244497114,ANTONOV,AN225,MRIYA,Antonov 124
COL make VAL BAC COL model VAL ONE ELEVEN COL name VAL ROMBAC 111,COL description VAL British Aerospace BAC-111-200,1,0.88079839843179,BAC ONE ELEVEN,605,0.88079839843179,BAC,ONE ELEVEN,ROMBAC 111,British Aerospace BAC-111-200
COL make VAL EUROCOPTER COL model VAL BO105,COL description VAL Air Bus Euro Bo-105,1,0.8804603946079773,EUROCOPTER BO105,370,0.8804603946079773,EUROCOPTER,BO105,,Air Bus Euro Bo-105
"COL make VAL DOUGLAS COL model VAL DC9 COL name VAL MD81, MD82, MD83, MD87",COL description VAL McDonnell Douglas DC9 Super 87,1,0.8771925582129768,DOUGLAS DC9,654,0.8771925582129768,DOUGLAS,DC9,"MD81, MD82, MD83, MD87",McDonnell Douglas DC9 Super 87
"COL make VAL EMBRAER COL model VAL EMB135 COL name VAL LEGACY 600, ERJ135ER, ERJ140ER, ERJ140LR, ERJ135LR, LEGACY 650",COL description VAL Embraer-145,1,0.8759522402476811,EMBRAER EMB135,675,0.8759522402476811,EMBRAER,EMB135,"LEGACY 600, ERJ135ER, ERJ140ER, ERJ140LR, ERJ135LR, LEGACY 650",Embraer-145
"COL make VAL AIRBUS COL model VAL A320 COL name VAL ACJ320 NEO, PRESTIGE",COL description VAL Airbus Industrie A320-200n,1,0.8698885546393019,AIRBUS A320,722,0.8698885546393019,AIRBUS,A320,"ACJ320 NEO, PRESTIGE",Airbus Industrie A320-200n
"COL make VAL HAWKER COL model VAL 400 COL name VAL HAWKER 400XP, HAWKER 400XPR",COL description VAL Raytheon Beechcraft Hawker 400XP,1,0.8668502914997273,HAWKER 400,642,0.8668502914997273,HAWKER,400,"HAWKER 400XP, HAWKER 400XPR",Raytheon Beechcraft Hawker 400XP
"COL make VAL CESSNA COL model VAL 206 COL name VAL STATIONAIR, SUPER SKYWAGON",COL description VAL Cessna C206/207/209/210 Stationair,1,0.8664928545557187,CESSNA 206,35,0.8664928545557187,CESSNA,206,"STATIONAIR, SUPER SKYWAGON",Cessna C206/207/209/210 Stationair
COL make VAL BOMBARDIER COL model VAL CL600 2C11 COL name VAL REGIONAL JET 550,COL description VAL Bombardier CRJ550,1,0.8578730205374413,BOMBARDIER CL600 2C11,530,0.8578730205374413,BOMBARDIER,CL600 2C11,REGIONAL JET 550,Bombardier CRJ550
"COL make VAL EMBRAER COL model VAL EMB135 COL name VAL LEGACY 600, ERJ135ER, ERJ140ER, ERJ140LR, ERJ135LR, LEGACY 650",COL description VAL Embraer-135,1,0.8516874648935236,EMBRAER EMB135,674,0.8516874648935236,EMBRAER,EMB135,"LEGACY 600, ERJ135ER, ERJ140ER, ERJ140LR, ERJ135LR, LEGACY 650",Embraer-135
"COL make VAL CESSNA COL model VAL 421 COL name VAL GOLDEN EAGLE, 421 TURBINE",COL description VAL Cessna C-421,1,0.850921068053494,CESSNA 421,121,0.850921068053494,CESSNA,421,"GOLDEN EAGLE, 421 TURBINE",Cessna C-421
"COL make VAL AIRBUS COL model VAL A320 COL name VAL ACJ320 NEO, PRESTIGE",COL description VAL Airbus Industrie A320-100/200,1,0.8508335950776614,AIRBUS A320,694,0.8508335950776614,AIRBUS,A320,"ACJ320 NEO, PRESTIGE",Airbus Industrie A320-100/200
"COL make VAL EMBRAER COL model VAL EMB135 COL name VAL LEGACY 600, ERJ135ER, ERJ140ER, ERJ140LR, ERJ135LR, LEGACY 650",COL description VAL Embraer-140,1,0.8482788350256701,EMBRAER EMB135,676,0.8482788350256701,EMBRAER,EMB135,"LEGACY 600, ERJ135ER, ERJ140ER, ERJ140LR, ERJ135LR, LEGACY 650",Embraer-140
"COL make VAL BOMBARDIER COL model VAL CL600 2C10 COL name VAL REGIONAL JET 700, REGIONAL JET 701, REGIONAL JET 702, CHALLENGER 870",COL description VAL Canadair RJ-700,1,0.8466582833807172,BOMBARDIER CL600 2C10,631,0.8466582833807172,BOMBARDIER,CL600 2C10,"REGIONAL JET 700, REGIONAL JET 701, REGIONAL JET 702, CHALLENGER 870",Canadair RJ-700
COL make VAL ANTONOV COL model VAL AN12,COL description VAL Antonov 12,1,0.8426716773824583,ANTONOV AN12,507,0.8426716773824583,ANTONOV,AN12,,Antonov 12
COL make VAL ANTONOV COL model VAL AN225 COL name VAL MRIYA,COL description VAL Antonov 225 (6 Engine),1,0.8292650240088723,ANTONOV AN225,890,0.8292650240088723,ANTONOV,AN225,MRIYA,Antonov 225 (6 Engine)
"COL make VAL EMBRAER COL model VAL ERJ190 COL name VAL LINEAGE 1000, 190AR, 190, 195AR, 195, E190 E2, E195 E2, E175 E2, E-FREIGHTER",COL description VAL Embraer EMB195,1,0.8291929547084418,EMBRAER ERJ190,748,0.8291929547084418,EMBRAER,ERJ190,"LINEAGE 1000, 190AR, 190, 195AR, 195, E190 E2, E195 E2, E175 E2, E-FREIGHTER",Embraer EMB195
"COL make VAL FOKKER COL model VAL F27 COL name VAL FRIENDSHIP, FOKKER 50, FOKKER 60, TROOPSHIP",COL description VAL Fokker Friendship F-27/Fairchild F-27/A/B/F/J,1,0.826833960585217,FOKKER F27,450,0.826833960585217,FOKKER,F27,"FRIENDSHIP, FOKKER 50, FOKKER 60, TROOPSHIP",Fokker Friendship F-27/Fairchild F-27/A/B/F/J
"COL make VAL MCKINNON COL model VAL G21 COL name VAL GOOSE, TURBO GOOSE",COL description VAL Grumman G-21A (Goose),1,0.8263097763658661,MCKINNON G21,170,0.8263097763658661,MCKINNON,G21,"GOOSE, TURBO GOOSE",Grumman G-21A (Goose)
COL make VAL DOUGLAS COL model VAL DC6 COL name VAL LIFTMASTER,COL description VAL McDonnell Douglas DC-6A,1,0.8225510022381567,DOUGLAS DC6,218,0.8225510022381567,DOUGLAS,DC6,LIFTMASTER,McDonnell Douglas DC-6A
"COL make VAL PIPER COL model VAL PA23 COL name VAL APACHE 160, APACHE 235, AZTEC 250, AZTEC 250 B, AZTEC 250 C, AZTEC 250 D, AZTEC 250 E, AZTEC 250 F, TURBO AZTEC F, APACHE 150",COL description VAL Piper PA-23-250 (Aztec/Apache),1,0.8184763972339234,PIPER PA23,190,0.8184763972339234,PIPER,PA23,"APACHE 160, APACHE 235, AZTEC 250, AZTEC 250 B, AZTEC 250 C, AZTEC 250 D, AZTEC 250 E, AZTEC 250 F, TURBO AZTEC F, APACHE 150",Piper PA-23-250 (Aztec/Apache)
COL make VAL DASSAULT COL model VAL MYSTERE FALCON 50 COL name VAL FALCON 50EX,COL description VAL Dassault-Breguet Mystere-Falcon,1,0.8086534398625228,DASSAULT MYSTERE FALCON 50,681,0.8086534398625228,DASSAULT,MYSTERE FALCON 50,FALCON 50EX,Dassault-Breguet Mystere-Falcon
COL make VAL GULFSTREAM COL model VAL GULFSTREAM 200,COL description VAL Gulfstream G200,1,0.7934259656599061,GULFSTREAM GULFSTREAM 200,648,0.7934259656599061,GULFSTREAM,GULFSTREAM 200,,Gulfstream G200
COL make VAL CASA COL model VAL CN235 COL name VAL PERSUADER,COL description VAL Casa 235,1,0.7837445835343583,CASA CN235,413,0.7837445835343583,CASA,CN235,PERSUADER,Casa 235
"COL make VAL DOUGLAS COL model VAL DC9 COL name VAL MD81, MD82, MD83, MD87",COL description VAL McDonnell Douglas DC9 Super 80/MD81/82/83/88,1,0.7705388026948335,DOUGLAS DC9,655,0.7705388026948335,DOUGLAS,DC9,"MD81, MD82, MD83, MD87",McDonnell Douglas DC9 Super 80/MD81/82/83/88
"COL make VAL PIPER COL model VAL PA32 COL name VAL CHEROKEE SIX 260, CHEROKEE SIX 300, SARATOGA, 6X, TURBO SARATOGA, 6XT",COL description VAL Piper PA-32 (Cherokee 6),1,0.7422782722382184,PIPER PA32,79,0.7422782722382184,PIPER,PA32,"CHEROKEE SIX 260, CHEROKEE SIX 300, SARATOGA, 6X, TURBO SARATOGA, 6XT",Piper PA-32 (Cherokee 6)
"COL make VAL LOCKHEED COL model VAL L1011 385 COL name VAL TRISTAR 1, TRISTAR 100, TRISTAR 50, TRISTAR 150, TRISTAR 200, TRISTAR 500, TRISTAR 250",COL description VAL Lockheed L-1011-500 Tristar,1,0.7361454883576553,LOCKHEED L1011 385,765,0.7361454883576553,LOCKHEED,L1011 385,"TRISTAR 1, TRISTAR 100, TRISTAR 50, TRISTAR 150, TRISTAR 200, TRISTAR 500, TRISTAR 250",Lockheed L-1011-500 Tristar
"COL make VAL PIPER COL model VAL PA23 COL name VAL APACHE 160, APACHE 235, AZTEC 250, AZTEC 250 B, AZTEC 250 C, AZTEC 250 D, AZTEC 250 E, AZTEC 250 F, TURBO AZTEC F, APACHE 150",COL description VAL Piper PA-34/39 (Twin Commanche),1,0.730881558790732,PIPER PA23,195,0.730881558790732,PIPER,PA23,"APACHE 160, APACHE 235, AZTEC 250, AZTEC 250 B, AZTEC 250 C, AZTEC 250 D, AZTEC 250 E, AZTEC 250 F, TURBO AZTEC F, APACHE 150",Piper PA-34/39 (Twin Commanche)
COL make VAL CESSNA COL model VAL 750 COL name VAL CITATION X,COL description VAL Cessna Citation X Model CE750 X,1,0.7124838409784333,CESSNA 750,647,0.7124838409784333,CESSNA,750,CITATION X,Cessna Citation X Model CE750 X
"COL make VAL BOMBARDIER COL model VAL BD500 COL name VAL CS100, CS300, A220-100, A220-300",COL description VAL A220-300 BD-500-1A11,1,0.6509728639398772,BOMBARDIER BD500,724,0.6509728639398772,BOMBARDIER,BD500,"CS100, CS300, A220-100, A220-300",A220-300 BD-500-1A11
"COL make VAL EMBRAER COL model VAL EMB135 COL name VAL LEGACY 600, ERJ135ER, ERJ140ER, ERJ140LR, ERJ135LR, LEGACY 650",COL description VAL Embraer 190,1,0.6488314191106699,EMBRAER EMB135,678,0.6488314191106699,EMBRAER,EMB135,"LEGACY 600, ERJ135ER, ERJ140ER, ERJ140LR, ERJ135LR, LEGACY 650",Embraer 190
"COL make VAL GULFSTREAM COL model VAL GIV COL name VAL G300, G400, G350, G450",COL description VAL Gulfstream Aerospace G-III/G-IV,1,0.6109235949652466,GULFSTREAM GIV,641,0.6109235949652466,GULFSTREAM,GIV,"G300, G400, G350, G450",Gulfstream Aerospace G-III/G-IV
COL make VAL AIRBUS COL model VAL A318 COL name VAL ELITE,COL description VAL Airbus Industrie A-318,1,0.5295054359806126,AIRBUS A318,644,0.5295054359806126,AIRBUS,A318,ELITE,Airbus Industrie A-318
COL make VAL ANTONOV COL model VAL AN12,COL description VAL Antonov 24/26/32,1,0.43594194605630265,ANTONOV AN12,444,0.43594194605630265,ANTONOV,AN12,,Antonov 24/26/32
"COL make VAL BOMBARDIER COL model VAL BD500 COL name VAL CS100, CS300, A220-100, A220-300",COL description VAL A200-100 BD-500-1A10,1,0.4163871081148107,BOMBARDIER BD500,723,0.4163871081148107,BOMBARDIER,BD500,"CS100, CS300, A220-100, A220-300",A200-100 BD-500-1A10
"COL make VAL GULFSTREAM COL model VAL GIV COL name VAL G300, G400, G350, G450",COL description VAL Gulfstream III/V/ G-V Exec/ G-5/550,1,0.37549793957573163,GULFSTREAM GIV,667,0.37549793957573163,GULFSTREAM,GIV,"G300, G400, G350, G450",Gulfstream III/V/ G-V Exec/ G-5/550
COL make VAL BELL COL model VAL 204 COL name VAL HUEY,COL description VAL Hu-1h 204B,1,0.3198317441322556,BELL 204,317,0.3198317441322556,BELL,204,HUEY,Hu-1h 204B
