left,right,match,match_confidence,gold,left_id,right_id,source
COL make VAL GULFSTREAM COL model VAL GV COL cert VAL A12EA,COL mfr VAL GULFSTREAM AEROSPACE COL model VAL GIV-X,0,0.7068684127607179,1,GULFSTREAM GV,GV-SP,reg
COL make VAL CHAMPION COL model VAL 7KC COL name VAL CITABRIA COL cert VAL A-759,COL mfr VAL CHAMPION COL model VAL 7GCAA,1,0.4731922106884173,0,CHAMPION 7KC,CHAMP-7-GCAA,reg
COL make VAL MONOCOUPE COL model VAL 90AL COL name VAL 90-115 COL cert VAL A-306,COL mfr VAL MONOCOUPE COL model VAL 90,1,0.4321296062691953,0,MONOCOUPE 90AL,MONOCP-90,reg
COL make VAL WACO COL model VAL INF COL cert VAL ATC 345,COL mfr VAL WACO COL model VAL KNF,1,0.45865303897979737,0,WACO INF,WACO-KNF-KNF,reg
COL make VAL DIAMOND COL model VAL DV20 COL name VAL KATANA COL cert VAL EASA.A.439,COL mfr VAL DIAMOND COL model VAL DA-40 Katana COL code VAL DA40,1,0.9998756197222877,0,DIAMOND DV20,DA40 DA-40 Katana,doc8643_description
COL make VAL WACO COL model VAL UEC COL cert VAL ATC 467,COL mfr VAL WACO COL model VAL UIC,1,0.6052413933819975,0,WACO UEC,WACO-U-IC,reg
COL make VAL AEROMOT COL model VAL AMT200 COL name VAL SUPER XIMANGO COL cert VAL EP-8602,COL mfr VAL BLUCHER JOSEPH T COL model VAL CESSNA 305 L19,0,0.9040251005970011,1,AEROMOT AMT200,AMT-200-200,reg
COL make VAL STEARMAN COL model VAL A75 COL name VAL KAYDET COL cert VAL A-743,COL mfr VAL BOEING COL model VAL PT-13,1,0.432490655969167,0,STEARMAN A75,B-75-PT13,reg
COL make VAL BOMBARDIER COL model VAL BD700 COL name VAL GLOBAL EXPRESS COL cert VAL A-177,COL mfr VAL BOMBARDIER INC COL model VAL BD-700-1A10,1,0.46600763161883335,0,BOMBARDIER BD700,BD-500-1A11,reg
COL make VAL DART COL model VAL DART GW COL cert VAL TC 674,COL mfr VAL DART COL model VAL G,0,0.758465156077773,1,DART DART GW,DRTG G,doc8643_description
COL make VAL SIKORSKY COL model VAL S55 COL name VAL CHICKASAW COL cert VAL 1H4,COL mfr VAL SIKORSKY COL model VAL CH-19,1,0.7181071210567161,0,SIKORSKY S55,H-19-CH19,reg
COL make VAL WEATHERLY COL model VAL 201 COL cert VAL A10WE,COL mfr VAL WEATHERLY COL model VAL 620,0,0.6610739076087078,1,WEATHERLY 201,W201 620,doc8643_description
COL make VAL CALLAIR COL model VAL A2 COL cert VAL A-758,COL mfr VAL CALLAIR COL model VAL A-3,1,0.761858011660175,0,CALLAIR A2,CALAIR-A-3,reg
COL make VAL BOMBARDIER COL model VAL BD500 COL name VAL CS300 CS100 COL cert VAL A-236,COL mfr VAL BOMBARDIER INC COL model VAL BD-700-1A10,1,0.4506105204451354,0,BOMBARDIER BD500,CL-700-1A10,reg
COL make VAL SIKORSKY COL model VAL H19 COL name VAL CHICKASAW COL cert VAL HR1SO,COL mfr VAL SIKORSKY COL model VAL S-55C,1,0.52923371715666,0,SIKORSKY H19,SK-55-C,reg
COL make VAL MAULE COL model VAL MXT7 COL name VAL STAR ROCKET COL cert VAL 3A23,COL mfr VAL MAULE COL model VAL MX-7-180,1,0.48574229278446074,0,MAULE MXT7,MX-7-180,reg
COL make VAL DART COL model VAL DART G COL cert VAL TC 674,COL mfr VAL DART COL model VAL GW,1,0.3598094990537062,0,DART DART G,DART-G-W,reg
COL make VAL MONOCOUPE COL model VAL 90AF COL cert VAL A-306,COL mfr VAL MONOCOUPE COL model VAL 90,1,0.35473916744683054,0,MONOCOUPE 90AF,MONOCP-90,reg
COL make VAL CANADAIR COL model VAL CL215 6B11 COL name VAL SCOOPER COL cert VAL A-86,COL mfr VAL CANADAIR COL model VAL CL215 1A10,0,0.672883678495459,1,CANADAIR CL215 6B11,CL-215-6B11,reg
COL make VAL DART COL model VAL DART GC COL cert VAL TC 674,COL mfr VAL DART COL model VAL G,0,0.8769567531972619,1,DART DART GC,DRTG G,doc8643_description
COL make VAL WACO COL model VAL EQC COL cert VAL ATC 597,COL mfr VAL WACO COL model VAL YKC,1,0.7212943096498594,0,WACO EQC,WACO-YK-C,reg
COL make VAL KAMAN COL model VAL H43 COL cert VAL AR-27,COL mfr VAL KAMAN COL model VAL K-600,1,0.5691126015977553,0,KAMAN H43,K-600-600,reg
COL make VAL BELL COL model VAL 210 COL cert VAL H1SW,COL mfr VAL BELL COL model VAL 205A,0,0.6863054363406272,1,BELL 210,BHT-210-210,reg
COL make VAL AERONCA COL model VAL 7DC COL name VAL CHAMPION COL cert VAL A-759,COL mfr VAL AERONCA COL model VAL 7BCM,1,0.4815013801019274,0,AERONCA 7DC,BL-7-BCM,reg
COL make VAL ENSTROM COL model VAL 280 COL name VAL SHARK COL cert VAL H1CE,COL mfr VAL ENSTROM COL model VAL F-28,0,0.6626192947811408,1,ENSTROM 280,EN28 F-28,doc8643_description
COL make VAL WACO COL model VAL UMF COL cert VAL ATC 546,COL mfr VAL WACO COL model VAL PBF,1,0.6376585482803487,0,WACO UMF,WACO-P-BF,reg
COL make VAL WACO COL model VAL CSO COL cert VAL ATC 240,COL mfr VAL WACO COL model VAL CTO,1,0.49953789742781907,0,WACO CSO,WACO-CTO-CTO,reg
COL make VAL HILLER COL model VAL OH23 COL cert VAL 4H11,COL mfr VAL HILLER COL model VAL UH-12C,1,0.3934753460121362,0,HILLER OH23,HILLER-UH12-C,reg
COL make VAL HAWKER SIDDELEY COL model VAL HS125 COL cert VAL A3EU,COL mfr VAL HAWKER SIDDELEY COL model VAL DH.125-400A,0,0.6545466335835017,1,HAWKER SIDDELEY HS125,HS-125-403A,reg
COL make VAL HAWKER SIDDELEY COL model VAL DH125 COL cert VAL A3EU,COL mfr VAL HAWKER SIDDELEY COL model VAL DH.125-400A,0,0.6999308614388494,1,HAWKER SIDDELEY DH125,DH-125-400A,reg
COL make VAL HILLER COL model VAL OH23 COL cert VAL 4H11,COL mfr VAL HILLER COL model VAL UH-12B,0,0.6679839146613455,1,HILLER OH23,UH12 UH-12B,doc8643_description
COL make VAL AIR TRACTOR COL model VAL AT400 COL cert VAL A9SW,COL mfr VAL AIR TRACTOR INC COL model VAL AT-300,1,0.42082627650263765,0,AIR TRACTOR AT400,AT-300-300,reg
COL make VAL DOUGLAS COL model VAL C54 COL name VAL SKYMASTER COL cert VAL A-762,COL mfr VAL DOUGLAS COL model VAL DC-4,1,0.5558299858219251,0,DOUGLAS C54,DC-4-4,reg
COL make VAL WACO COL model VAL AGC COL cert VAL TC 664,COL mfr VAL WACO COL model VAL UIC,1,0.6905245942253977,0,WACO AGC,WACO-U-IC,reg
COL make VAL BOEING COL model VAL 767 COL cert VAL A1NM,COL mfr VAL BOEING COL model VAL 767-424ER,1,0.8801597365037399,0,BOEING 767,B-777-FFX,reg
COL make VAL AIR TRACTOR COL model VAL AT300 COL cert VAL A9SW,COL mfr VAL AIR TRACTOR INC COL model VAL AT-300,1,0.3705256216260666,0,AIR TRACTOR AT300,AT-400-400,reg
COL make VAL AEROSTAR INTERNATIONAL COL model VAL S52A COL cert VAL A15CE,COL mfr VAL AEROSTAR INTERNATIONAL INC COL model VAL S53H,1,0.5114520099932975,0,AEROSTAR INTERNATIONAL S52A,AERSTR-S53-S53H,reg
COL make VAL BRITTEN NORMAN COL model VAL BN2B COL name VAL ISLANDER II COL cert VAL UK.TC.A.00042,COL mfr VAL BRITTEN-NORMAN COL model VAL BN-2 Islander,0,0.8252712515902118,1,BRITTEN NORMAN BN2B,BN2P BN-2 Islander,doc8643_description
COL make VAL WACO COL model VAL YQC COL cert VAL TC 598,COL mfr VAL WACO COL model VAL UEC,1,0.41707827659570407,0,WACO YQC,WACO-U-EC,reg
COL make VAL TRAVEL AIR COL model VAL TRAVEL AIR 4000 COL cert VAL ATC 32,COL mfr VAL TRAVEL AIR COL model VAL 4000,1,0.47883037763839487,0,TRAVEL AIR TRAVEL AIR 4000,CURTIS-TRVAIR-4000,reg
COL make VAL WACO COL model VAL VPF COL cert VAL A-642,COL mfr VAL WACO COL model VAL PCF,1,0.4481213184181975,0,WACO VPF,WACO-P-CF,reg
COL make VAL CHAMPION COL model VAL 7KCAB COL name VAL CITABRIA COL cert VAL A-759,COL mfr VAL CHAMPION COL model VAL 7GCAA,1,0.40113342217210474,0,CHAMPION 7KCAB,CHAMP-7-GCAA,reg
COL make VAL WACO COL model VAL YQC COL cert VAL TC 598,COL mfr VAL WACO COL model VAL CJC,1,0.39064035272162906,0,WACO YQC,WACO-JC-CJC,reg
COL make VAL PORTERFIELD COL model VAL CP65 COL name VAL COLLEGIATE COL cert VAL A-720,COL mfr VAL PORTERFIELD COL model VAL CP-65,0,0.6717469906608519,1,PORTERFIELD CP65,CP-65-PORTFLD,reg
COL make VAL WACO COL model VAL PBA COL cert VAL ATC 464,COL mfr VAL WACO COL model VAL ULA,1,0.4547752865181964,0,WACO PBA,WACO-ULA-ULA,reg
COL make VAL WACO COL model VAL YOC COL cert VAL ATC 569,COL mfr VAL WACO COL model VAL CUC,1,0.756646160711764,0,WACO YOC,WACO-UC-CUC,reg
COL make VAL WACO COL model VAL UC72 COL cert VAL ATC 648,COL mfr VAL WACO COL model VAL QDC,1,0.9942907224167283,0,WACO UC72,WACO-Q-DC,reg
COL make VAL SIKORSKY COL model VAL H19 COL name VAL CHICKASAW COL cert VAL HR1SO,COL mfr VAL SIKORSKY COL model VAL UH-19C,1,0.717808084377253,0,SIKORSKY H19,H-19-UH19C,reg
COL make VAL THRUSH COL model VAL S2R COL name VAL THRUSH 510G COL cert VAL A4SW,COL make VAL THRUSH COL model VAL S26 COL series VAL H80 COL cert VAL A4SW,0,0.9998804463470248,1,THRUSH S2R,THRUSH-S26-H80,faa
COL make VAL WACO COL model VAL CUC COL cert VAL ATC 575 ATC 525,COL mfr VAL WACO COL model VAL YKC,1,0.9296165321069747,0,WACO CUC,WACO-YK-C,reg
COL make VAL HUGHES COL model VAL YOH6 COL name VAL CAYUSE COL cert VAL H3WE,COL mfr VAL HUGHES COL model VAL Hkp5,1,0.9983980071589076,0,HUGHES YOH6,H269 Hkp5,doc8643_description
COL make VAL PIPER COL model VAL PA28S COL name VAL CHEROKEE COL cert VAL 2A13,COL code VAL T28,1,0.9557032970020971,0,PIPER PA28S,T28,doc8643_code
COL make VAL ROCKWELL COL model VAL 112 COL name VAL COMMANDER 112 COL cert VAL A12SO,COL make VAL COMNDR COL model VAL 112 COL series VAL 112 COL cert VAL A12SO,0,0.9276842241280864,1,ROCKWELL 112,COMNDR-112-112,faa
COL make VAL PIPER COL model VAL NE COL name VAL GRASSHOPPER COL cert VAL A-691,COL mfr VAL PIPER COL model VAL J-2,1,0.7561027424549781,0,PIPER NE,PA-J2-J2,reg
COL make VAL VERTOL COL model VAL CH21 COL name VAL WORKHORSE,COL code VAL H21,0,0.7415885358896045,1,VERTOL CH21,H21,doc8643_code
COL make VAL AIRBUS COL model VAL A300 COL name VAL BELUGA COL cert VAL EASA.A.014,COL code VAL A3ST,0,0.9997040711014589,1,AIRBUS A300,A3ST,doc8643_code
COL make VAL BEECH COL model VAL 23 COL name VAL SUNDOWNER 180 MUSKETEER MUSKETEER II MUSKETEER CUSTOM III CUSTOM COL cert VAL A1CE,COL make VAL BE COL model VAL 23 COL series VAL A23A COL name VAL MUSKETEER II COL cert VAL A1CE,0,0.7872626010178873,1,BEECH 23,BE-23-A23A,faa
COL make VAL PILATUS COL model VAL PC12 COL cert VAL EASA.A.089,COL mfr VAL PILATUS COL model VAL U-28,0,0.9997354923850921,1,PILATUS PC12,PC12 U-28,doc8643_description
COL make VAL BELL COL model VAL 204 COL name VAL HUEY COL cert VAL H1SW,COL mfr VAL BELL COL model VAL TAH-1 HueyCobra,1,0.7758978329654729,0,BELL 204,HUCO TAH-1 HueyCobra,doc8643_description
COL make VAL CESSNA COL model VAL C38 COL name VAL AIRMASTER COL cert VAL TC 668,COL mfr VAL CESSNA COL model VAL C-37,1,0.9999683753705142,0,CESSNA C38,UC-77-C37,reg
COL make VAL KUBICEK COL model VAL BB22 COL cert VAL EASA.BA.003,COL make VAL BB COL model VAL 22 COL series VAL ED COL cert VAL B04C3,1,0.9999834844448334,0,KUBICEK BB22,BB-22-ED,faa
COL make VAL AERO COMMANDER COL model VAL 200 COL cert VAL 3A18,COL code VAL M200,0,0.9999537851621182,1,AERO COMMANDER 200,M200,doc8643_code
COL make VAL KUBICEK COL model VAL BB20 COL cert VAL EASA.BA.003,COL mfr VAL BALONY KUBICEK SPOL SRO COL model VAL BB20XR,0,0.9393332863444617,1,KUBICEK BB20,BB-20-XR,reg
"COL make VAL PIPER COL model VAL PA31T COL name VAL CHEYENNE, CHEYENNE IIXL COL cert VAL A8EA",COL mfr VAL SCHAFER COL model VAL Comanchero 620 COL code VAL PAY2,0,0.9999925710009713,1,PIPER PA31T,PAY2 Comanchero 620,doc8643_description
COL make VAL ROCKWELL COL model VAL 112 COL name VAL COMMANDER 112 ALPINE COMMANDER COL cert VAL A12SO,COL make VAL GA COL model VAL 112 COL series VAL B COL cert VAL A12SO,0,0.9999017163242084,1,ROCKWELL 112,GA-112-B,faa
COL make VAL MOONEY COL model VAL M20TN COL name VAL ACCLAIM COL cert VAL 2A3,COL mfr VAL MOONEY COL model VAL M-20S Eagle,1,0.9870149514338682,0,MOONEY M20TN,M20P M-20S Eagle,doc8643_description
COL make VAL GLASER DIRKS COL model VAL DG100 COL cert VAL EASA.A.239,COL make VAL GLASER DIRKS COL model VAL DG1000 COL series VAL S COL cert VAL EASA.A.072,1,0.38509111737657914,0,GLASER DIRKS DG100,5400,cictt
COL make VAL AEROSPATIALE COL model VAL AS332 COL name VAL SUPER PUMA COL cert VAL EASA.R.002,COL code VAL AS32,0,0.7618095935807657,1,AEROSPATIALE AS332,AS32,doc8643_code
COL make VAL LOCKHEED COL model VAL P38 COL name VAL LIGHTNING COL cert VAL LTC-10 NOT CERTIFICATED,COL make VAL P COL model VAL 38 COL series VAL F5G COL cert VAL L103,1,0.9999331810307734,0,LOCKHEED P38,P-38-F5G,faa
COL make VAL BEECH COL model VAL 36 COL name VAL BONANZA COL cert VAL 3A15,COL mfr VAL BEECH COL model VAL U-8D Seminole,1,0.999766964484886,0,BEECH 36,BE50 U-8D Seminole,doc8643_description
COL make VAL WEATHERLY COL model VAL 620 COL cert VAL A26WE,COL mfr VAL WEATHERLY COL model VAL 201 COL code VAL W201,0,0.96387024570221,1,WEATHERLY 620,W201 201,doc8643_description
COL make VAL LOCKHEED COL model VAL SP2 COL name VAL NEPTUNE COL cert VAL A36NM,COL code VAL P2,0,0.9957755152697257,1,LOCKHEED SP2,P2,doc8643_code
COL make VAL BEECH COL model VAL 19 COL name VAL MUSKETEER SPORT SPORT 150 COL cert VAL A1CE,COL mfr VAL BEECH COL model VAL B19,0,0.9999963624745831,1,BEECH 19,BE-19-B,reg
"COL make VAL TAYLORCRAFT COL model VAL BC12 COL name VAL DELUXE, DELUXE TRAVELER COL cert VAL A-696",COL mfr VAL TAYLORCRAFT (1) COL model VAL DF,1,0.717673119341407,0,TAYLORCRAFT BC12,TAYD DF,doc8643_description
COL make VAL WACO COL model VAL UBF COL cert VAL ATC 473,COL mfr VAL WACO COL model VAL PBF,0,0.9936257259055814,1,WACO UBF,WACF PBF,doc8643_description
COL make VAL TAYLORCRAFT COL model VAL F19 COL name VAL SPORTSMAN COL cert VAL 1A9,COL mfr VAL TAYLORCRAFT (1) COL model VAL BC Sportsman COL code VAL TAYB,1,0.9999042050989035,0,TAYLORCRAFT F19,TAYB BC Sportsman,doc8643_description
"COL make VAL BELL COL model VAL 206 COL name VAL JET RANGER, JET RANGER II, LONG RANGER, LONG RANGER II, LONG RANGER III, LONG RANGER IV COL cert VAL H-92",COL mfr VAL BELL COL model VAL 505 Jet Ranger X COL code VAL B505,1,0.4805298117547125,0,BELL 206,B505 505 Jet Ranger X,doc8643_description
COL make VAL CESSNA COL model VAL 305 COL name VAL BIRD DOG COL cert VAL 5A5 3A14,COL mfr VAL CESSNA COL model VAL 0-1A,1,0.9446804772314928,0,CESSNA 305,CE-305-O1A,reg
COL make VAL JOHNSON COL model VAL ROCKET 185 COL cert VAL TC 776,COL code VAL R185,0,0.9999965259851855,1,JOHNSON ROCKET 185,R185,doc8643_code
COL make VAL SKY COL model VAL 120 24 COL cert VAL UK.TC.BA.00003,COL mfr VAL RUARK KEVIN R COL model VAL LANCAIR IV-P,1,0.9963121164364673,0,SKY 120 24,SKY-105-24,reg
COL make VAL BOEING COL model VAL 767 COL cert VAL A1NM,COL code VAL B789,1,0.9778943839016586,0,BOEING 767,B789,doc8643_code
"COL make VAL MAULE COL model VAL M4 COL name VAL ASTRO ROCKET, ROCKET, STRATA ROCKET, JETASEN COL cert VAL 3A23",COL mfr VAL SAASA COL model VAL M-1 Cuauhtemoc,0,0.9999884768607301,1,MAULE M4,M4 M-1 Cuauhtemoc,doc8643_description
COL make VAL BAE COL model VAL ATP COL cert VAL EASA.A.192,COL mfr VAL JETSTREAM COL model VAL 61,0,0.9999963619229699,1,BAE ATP,ATP 61,doc8643_description
COL make VAL AIR TRACTOR COL model VAL AT250 COL cert VAL A9SW,COL code VAL AT2P,0,0.9708223833712937,1,AIR TRACTOR AT250,AT2P,doc8643_code
COL make VAL HILLER COL model VAL OH23 COL cert VAL 4H11,COL mfr VAL HILLER COL model VAL UH-12L,1,0.35220161885824297,0,HILLER OH23,HILLER-UH12-L,reg
COL make VAL DORNIER COL model VAL DO27 COL cert VAL 514/SA,COL mfr VAL DORNIER COL model VAL Fpl53,0,0.9928585127086771,1,DORNIER DO27,DO27 Fpl53,doc8643_description
COL make VAL AIR TRACTOR COL model VAL AT401 COL cert VAL A17SW,COL mfr VAL AIR TRACTOR INC COL model VAL AT-301,1,0.9962731126975707,0,AIR TRACTOR AT401,AT-301-301,reg
COL make VAL MURPHY COL model VAL SR3500 COL name VAL SUPER REBEL,COL code VAL MR35,0,0.9973490126834758,1,MURPHY SR3500,MR35,doc8643_code
COL make VAL HAWKER COL model VAL 4000 COL name VAL HORIZON COL cert VAL T00013WI,COL code VAL HA4T,0,0.999996318849059,1,HAWKER 4000,HA4T,doc8643_code
COL make VAL PZL MIELEC COL model VAL M18 COL name VAL DROMADER COL cert VAL EASA.A.056,COL mfr VAL WSK PZL MIELEC COL model VAL M-18A,0,0.9999961835453234,1,PZL MIELEC M18,WSK-PZL-M18A,reg
COL make VAL FLEET COL model VAL 16 COL name VAL FINCH II,COL code VAL B14A,1,0.9933118264312709,0,FLEET 16,B14A,doc8643_code
COL make VAL AERONCA COL model VAL K COL name VAL SCOUT COL cert VAL A-634,COL code VAL AR50,1,0.4791233353027502,0,AERONCA K,AR50,doc8643_code
COL make VAL DE HAVILLAND COL model VAL DHC8 COL name VAL DASH 8 COL cert VAL A-142,COL mfr VAL BOMBARDIER COL model VAL RO-6,0,0.9999964045768736,1,DE HAVILLAND DHC8,DH8C RO-6,doc8643_description
COL make VAL PIAGGIO COL model VAL P166 COL cert VAL EASA.A.384,COL code VAL P66P,0,0.9999219010709598,1,PIAGGIO P166,P66P,doc8643_code
"COL make VAL RYAN COL model VAL ST COL cert VAL ATC 571, ATC 681",COL mfr VAL RYAN COL model VAL YPT-16,0,0.9980348532444762,1,RYAN ST,RYST YPT-16,doc8643_description
"COL make VAL WACO COL model VAL EGC COL cert VAL TC 665, ATC 639",COL mfr VAL WACO COL model VAL G COL code VAL WACG,1,0.9975719710593463,0,WACO EGC,WACG G,doc8643_description
COL make VAL PORTERFIELD COL model VAL FP65 COL name VAL COLLEGIATE COL cert VAL A-720,COL code VAL CP65,0,0.8939939070695792,1,PORTERFIELD FP65,CP65,doc8643_code
COL make VAL AEROSPATIALE COL model VAL AS332 COL name VAL SUPER PUMA COL cert VAL EASA.R.002,COL mfr VAL ATLAS COL model VAL SA-330 Oryx,0,0.9999869203087984,1,AEROSPATIALE AS332,AS32 SA-330 Oryx,doc8643_description
COL make VAL LAKE COL model VAL 250 COL name VAL RENEGADE COL cert VAL 1A13,COL mfr VAL LAKE COL model VAL LA-270 Turbo Seafury,0,0.9999946012684182,1,LAKE 250,LA25 LA-270 Turbo Seafury,doc8643_description
COL make VAL HUGHES COL model VAL 269C COL name VAL 300C COL cert VAL 4H12,COL mfr VAL WUHAN COL model VAL 280,1,0.9986315343303538,0,HUGHES 269C,EN28 280,doc8643_description
COL make VAL WACO COL model VAL YQC COL cert VAL TC 598,COL make VAL WACO COL model VAL YPF COL series VAL 6 COL cert VAL ATC586,0,0.9999963677557699,1,WACO YQC,WACO-YPF-6,faa
"COL make VAL PIPER COL model VAL PA31T COL name VAL CHEYENNE, CHEYENNE IIXL COL cert VAL A8EA",COL mfr VAL SCHAFER COL model VAL Comanchero 620,0,0.9999955188874649,1,PIPER PA31T,PAY2 Comanchero 620,doc8643_description
COL make VAL BELL COL model VAL 505 COL name VAL JET RANGER X COL cert VAL H-112,COL code VAL P51,1,0.9574840527761057,0,BELL 505,P51,doc8643_code
COL make VAL BELL COL model VAL 47J COL name VAL RANGER COL cert VAL 2H1,COL mfr VAL BELL COL model VAL OH-13 Sioux COL code VAL B47G,1,0.3610985057043047,0,BELL 47J,B47G OH-13 Sioux,doc8643_description
COL make VAL BOMBARDIER COL model VAL BD100 COL name VAL CHALLENGER 300 COL cert VAL A-234,COL code VAL CL30,0,0.9999964466324197,1,BOMBARDIER BD100,CL30,doc8643_code
COL make VAL BOEING COL model VAL 737 COL cert VAL A16WE,COL code VAL B712,1,0.9999751945550641,0,BOEING 737,B712,doc8643_code
COL make VAL WACO COL model VAL RPT COL cert VAL A8CE,COL code VAL WACT,0,0.9973672125120382,1,WACO RPT,WACT,doc8643_code
COL make VAL GRUMMAN COL model VAL GA7 COL name VAL COUGAR COL cert VAL A17SO,COL mfr VAL SOCATA COL model VAL TB-360 Tangara,0,0.9999963311366906,1,GRUMMAN GA7,GA7 TB-360 Tangara,doc8643_description
COL make VAL BEECH COL model VAL TC45 COL cert VAL A-765,COL mfr VAL BEECH COL model VAL 45,1,0.9999217815960476,0,BEECH TC45,BE-45-45,reg
COL make VAL CUB CRAFTERS COL model VAL CC18 COL name VAL TOP CUB COL cert VAL A00006SE,COL mfr VAL CUB COL model VAL J-3 Prospector,1,0.9924348348846833,0,CUB CRAFTERS CC18,J3 J-3 Prospector,doc8643_description
COL make VAL TEMCO COL model VAL D16 COL name VAL TWIN NAVION COL cert VAL 2A1,COL code VAL TNAV,0,0.999994083766353,1,TEMCO D16,TNAV,doc8643_code
COL make VAL HAWKER COL model VAL HAWKER 750 COL cert VAL A3EU,COL code VAL H25A,1,0.9999583707791957,0,HAWKER HAWKER 750,H25A,doc8643_code
COL make VAL BEECH COL model VAL 23 COL name VAL SUNDOWNER 180 MUSKETEER MUSKETEER II MUSKETEER CUSTOM III CUSTOM COL cert VAL A1CE,COL mfr VAL BEECH COL model VAL A23A,0,0.9660136264908192,1,BEECH 23,BE-23-A23A,reg
COL make VAL PIPER COL model VAL PA31P COL name VAL MOJAVE COL cert VAL A8EA,COL make VAL PA COL model VAL 31 COL series VAL T3 COL cert VAL A8EA,1,0.9881593443672617,0,PIPER PA31P,PA-31-T3,faa
COL make VAL CUB CRAFTERS COL model VAL CC18 COL name VAL TOP CUB COL cert VAL A00006SE,COL mfr VAL VOLPAR COL model VAL 18,1,0.9197665003783778,0,CUB CRAFTERS CC18,BE18 18,doc8643_description
COL make VAL PORTERFIELD COL model VAL CP65 COL name VAL COLLEGIATE COL cert VAL A-720,COL mfr VAL PORTERFIELD-RANKIN COL model VAL CP-65,0,0.9992151777357048,1,PORTERFIELD CP65,PRTFLD-65-CP65,reg
COL make VAL STINSON COL model VAL AT19 COL cert VAL A-774,COL code VAL RELI,0,0.9994070986425412,1,STINSON AT19,RELI,doc8643_code
"COL make VAL PIPER COL model VAL PA34 COL name VAL SENECA, SENECA II COL cert VAL A7SO",COL mfr VAL BENGIS COL model VAL TM-20 Flamingo 3,0,0.9999940134172255,1,PIPER PA34,PA34 TM-20 Flamingo 3,doc8643_description
COL make VAL CESSNA COL model VAL LC41 COL name VAL CORVALIS TT COL cert VAL A00003SE,COL code VAL COL4,0,0.6597354759161836,1,CESSNA LC41,COL4,doc8643_code
COL make VAL TRAVEL AIR COL model VAL TRAVEL AIR 16 COL cert VAL ATC 411 ATC 463,COL make VAL CURTIS COL model VAL TRVAIR COL series VAL 1E COL name VAL TRAVEL AIR COL cert VAL ATC463,0,0.9999869356236459,1,TRAVEL AIR TRAVEL AIR 16,CURTIS-TRVAIR-1E,faa
COL make VAL BEECH COL model VAL 60 COL name VAL DUKE COL cert VAL A12CE,COL code VAL BE60,0,0.9999929315672607,1,BEECH 60,BE60,doc8643_code
"COL make VAL BEECH COL model VAL 33 COL name VAL DEBONAIR, BONANZA COL cert VAL 3A15",COL mfr VAL BEECH COL model VAL E-24,0,0.9991090604861794,1,BEECH 33,BE33 E-24,doc8643_description
COL make VAL MOONEY COL model VAL M20V COL name VAL ACCLAIM ULTRA COL cert VAL 2A3,COL code VAL DV20,1,0.8181662709036727,0,MOONEY M20V,DV20,doc8643_code
COL make VAL WACO COL model VAL ASO COL cert VAL ATC 41,COL mfr VAL WACO COL model VAL CTO,0,0.6530375220031952,1,WACO ASO,WACO CTO,doc8643_description
COL make VAL WACO COL model VAL 125 COL name VAL SIEMENS WACO COL cert VAL ATC 26,COL mfr VAL WACO COL model VAL ATO,1,0.9999467115624586,0,WACO 125,WACO-ATO-ATO,reg
COL make VAL TRAVEL AIR COL model VAL TRAVEL AIR 3000 COL cert VAL ATC 31,COL mfr VAL TRAVEL AIR COL model VAL 4000,1,0.3556321590807239,0,TRAVEL AIR TRAVEL AIR 3000,CURTIS-TRVAIR-4000,reg
COL make VAL DOUGLAS COL model VAL DC3C COL cert VAL A-669,COL mfr VAL PROFESSIONAL AVIATION COL model VAL C-47TP Super Dakota,0,0.9996940646376907,1,DOUGLAS DC3C,DC3T C-47TP Super Dakota,doc8643_description
COL make VAL AEROMOT COL model VAL AMT300 COL name VAL TURBO XIMANGO SHARK COL cert VAL EP-8602,COL mfr VAL BLUCHER JOSEPH T COL model VAL CESSNA 305 L19,0,0.9906234303669849,1,AEROMOT AMT300,AMT-300-300,reg
COL make VAL ZLIN COL model VAL Z526 COL name VAL SKYDEVIL COL cert VAL EASA.A.353,COL mfr VAL EUROCOPTER COL model VAL HU-26,1,0.9654533943668879,0,ZLIN Z526,EC35 HU-26,doc8643_description
COL make VAL CASA COL model VAL C212 COL name VAL AVIOCAR COL cert VAL EASA.A.187,COL mfr VAL CONSTRUCCIONES AERONAUTICAS SA COL model VAL 212-200,0,0.9984003186582414,1,CASA C212,C-212-CD,reg
COL make VAL CHAMPION COL model VAL 7GC COL name VAL SKYTRAC COL cert VAL A-759,COL mfr VAL CHAMPION COL model VAL 7GCAA,1,0.9672378661398717,0,CHAMPION 7GC,CHAMP-7-GCAA,reg
COL make VAL BRANTLY COL model VAL 305 COL cert VAL H3SW,COL code VAL B305,0,0.9999923642766957,1,BRANTLY 305,B305,doc8643_code
COL make VAL AERO COMMANDER COL model VAL 600S2D COL name VAL THRUSH COMMANDER COL cert VAL A3SW,COL mfr VAL SNOW COL model VAL S-2,0,0.7358862192989908,1,AERO COMMANDER 600S2D,SS2P S-2,doc8643_description
COL make VAL BOEING COL model VAL 737 COL cert VAL A16WE,COL code VAL B77W,1,0.9930058898730364,0,BOEING 737,B77W,doc8643_code
COL make VAL BAE COL model VAL JETSTREAM 4100 COL cert VAL EASA.A.189,COL make VAL JTSTRM COL model VAL 4101 COL series VAL 4101 COL cert VAL A41NM,0,0.9989238176815568,1,BAE JETSTREAM 4100,JTSTRM-4101-4101,faa
COL make VAL HILLER COL model VAL 1100 COL cert VAL H2WE,COL code VAL FH11,0,0.9999962975432056,1,HILLER 1100,FH11,doc8643_code
COL make VAL BOMBARDIER COL model VAL CL600 2C10 COL name VAL REGIONAL JET 700 COL cert VAL A-276,COL mfr VAL BOMBARDIER COL model VAL CL-600  Regional Jet CRJ-550 COL code VAL CRJ7,0,0.8955960883066602,1,BOMBARDIER CL600 2C10,CRJ7 CL-600  Regional Jet CRJ-550,doc8643_description
COL make VAL CALLAIR COL model VAL A3 COL cert VAL A-758,COL mfr VAL CALLAIR COL model VAL A,1,0.5723500771359681,0,CALLAIR A3,CALAIR-A-A,reg
COL make VAL NORTH AMERICAN COL model VAL AT6 COL name VAL TEXAN COL cert VAL A-2-575,COL mfr VAL NORTH AMERICAN COL model VAL 047B,1,0.6347300453448418,0,NORTH AMERICAN AT6,NA-O47-NA047B,reg
COL make VAL STEARMAN COL model VAL 75 COL name VAL KAYDET COL cert VAL A-743,COL make VAL B COL model VAL 75 COL series VAL A75 COL cert VAL A743,0,0.9999615886449738,1,STEARMAN 75,B-75-A75,faa
COL make VAL PIPER COL model VAL J3 COL name VAL CUB COL cert VAL ATC 660,COL make VAL PIPER COL model VAL J3F COL series VAL 60 COL name VAL CUB COL cert VAL A-692,1,0.5692740129134752,0,PIPER J3,7458,cictt
COL make VAL DORNIER COL model VAL DO27 COL cert VAL 514/SA,COL mfr VAL CASA COL model VAL C-127,0,0.999996433697823,1,DORNIER DO27,DO27 C-127,doc8643_description
COL make VAL SIKORSKY COL model VAL SH3 COL name VAL SEA KING COL cert VAL R00014LA,COL make VAL SH COL model VAL 3H COL series VAL 3H COL name VAL CROMAN COL cert VAL R00004SE,0,0.9389472616398259,1,SIKORSKY SH3,SH-3H-3H,faa
COL make VAL STEARMAN COL model VAL 6 COL name VAL CLOUDBOY COL cert VAL ATC 459,COL mfr VAL STEARMAN COL model VAL YPT-9,0,0.9999943332505382,1,STEARMAN 6,ST6 YPT-9,doc8643_description
COL make VAL KINNER COL model VAL SPORTSTER COL cert VAL ATC 490,COL mfr VAL CLARKE DONALD H COL model VAL RAND ROBINSON KR-2,0,0.9999959024550773,1,KINNER SPORTSTER,KINNER-K-K,reg
COL make VAL BEECH COL model VAL T42 COL name VAL COCHISE COL cert VAL 3A16,COL mfr VAL BEECH COL model VAL 56 Turbo Baron COL code VAL BE56,1,0.9418767982685221,0,BEECH T42,BE56 56 Turbo Baron,doc8643_description
COL make VAL STEARMAN COL model VAL D75 COL name VAL KAYDET COL cert VAL A-743,COL make VAL B COL model VAL 75 COL series VAL PT27 COL cert VAL A743,0,0.9999963302951116,1,STEARMAN D75,B-75-PT27,faa
COL make VAL AERONCA COL model VAL 65TF COL name VAL TANDEM COL cert VAL A-728,COL make VAL AR COL model VAL 65 COL series VAL TF COL cert VAL A728,0,0.9724782490291218,1,AERONCA 65TF,AR-65-TF,faa
COL make VAL BOEING COL model VAL 747 COL cert VAL A20WE,COL code VAL B06,1,0.8786517298483688,0,BOEING 747,B06,doc8643_code
COL make VAL DIAMOND COL model VAL DA20 COL name VAL ECLIPSE COL cert VAL A-191,COL mfr VAL DIAMOND COL model VAL DA-22 Speed Katana,0,0.9497396045599552,1,DIAMOND DA20,DV20 DA-22 Speed Katana,doc8643_description
COL make VAL CESSNA COL model VAL R172 COL name VAL HAWK XP COL cert VAL 3A17,COL mfr VAL CESSNA COL model VAL 172J,0,0.9997917443350137,1,CESSNA R172,CE-172-R172J,reg
COL make VAL WACO COL model VAL ASO COL cert VAL ATC 41,COL mfr VAL WACO COL model VAL CSO,0,0.9937750478654046,1,WACO ASO,WACO CSO,doc8643_description
COL make VAL SIKORSKY COL model VAL CH3 COL name VAL SEA KING COL cert VAL H2EA,COL make VAL SK COL model VAL 61 COL series VAL D COL cert VAL H2EA,1,0.9996126230327942,0,SIKORSKY CH3,SK-61-D,faa
COL make VAL TRAVEL AIR COL model VAL TRAVEL AIR E4000 COL cert VAL ATC 188,COL mfr VAL TRAVEL AIR COL model VAL 4000,1,0.9999192267374043,0,TRAVEL AIR TRAVEL AIR E4000,CURTIS-TRVAIR-4000,reg
COL make VAL CESSNA COL model VAL TR182 COL name VAL TURBO SKYLANE RG COL cert VAL 3A13,COL code VAL C82T,0,0.89582388153294,1,CESSNA TR182,C82T,doc8643_code
COL make VAL SIKORSKY COL model VAL CH54 COL name VAL SKYCRANE COL cert VAL H18NM,COL mfr VAL SIKORSKY COL model VAL HO4S,1,0.9972454994112687,0,SIKORSKY CH54,S55P HO4S,doc8643_description
COL make VAL BEECH COL model VAL AT7 COL name VAL NAVIGATOR COL cert VAL A-757,COL mfr VAL BEECH COL model VAL AT-11,1,0.9997969421873328,0,BEECH AT7,BE-18-AT11,reg
COL make VAL ATR COL model VAL ATR72 COL name VAL 500 VERSION COL cert VAL EASA.A.084,COL code VAL H500,1,0.969849848576684,0,ATR ATR72,H500,doc8643_code
COL make VAL BEECH COL model VAL 65 COL name VAL QUEEN AIR COL cert VAL 3A20,COL mfr VAL BEECH COL model VAL T-44 Pegasus,1,0.9998461600942635,0,BEECH 65,BE9L T-44 Pegasus,doc8643_description
COL make VAL GROB COL model VAL G520 COL name VAL EGRETT COL cert VAL 2066,COL mfr VAL BURKHART GROB LUFT-UND COL model VAL GROB G115C2,0,0.9999952411594722,1,GROB G520,GROB-G520-T,reg
COL make VAL WACO COL model VAL UEC COL cert VAL ATC 467,COL mfr VAL WACO COL model VAL CUC,0,0.7275179704904124,1,WACO UEC,WACC CUC,doc8643_description
COL make VAL ROBINSON COL model VAL R22 COL cert VAL H10WE,COL mfr VAL AERO ELI COL model VAL Yo-Yo,0,0.9999959345380941,1,ROBINSON R22,R22 Yo-Yo,doc8643_description
COL make VAL CHAMPION COL model VAL 7GC COL name VAL SKYTRAC COL cert VAL A-759,COL mfr VAL CHAMPION COL model VAL 7GCBC,1,0.9992503491026483,0,CHAMPION 7GC,BL-7-GCBC,reg
COL make VAL SIKORSKY COL model VAL S62 COL name VAL SEA GUARD COL cert VAL 1H13,COL mfr VAL SIKORSKY AIRCRAFT CORP COL model VAL S-76D,1,0.9996027776078151,0,SIKORSKY S62,S-76D,reg
COL make VAL CONSOLIDATED VULTEE COL model VAL SNV COL name VAL VALIANT COL cert VAL A-2-571,COL code VAL VALI,0,0.9999841183929049,1,CONSOLIDATED VULTEE SNV,VALI,doc8643_code
COL make VAL TAYLORCRAFT COL model VAL BLS COL cert VAL A-700,COL make VAL TCRAFK COL model VAL BL COL series VAL BL COL cert VAL A700,1,0.999983291369425,0,TAYLORCRAFT BLS,TCRAFK-BL-BL,faa
COL make VAL STINSON COL model VAL A COL name VAL TRIMOTOR COL cert VAL ATC 556,COL code VAL TRMA,0,0.9988671734051849,1,STINSON A,TRMA,doc8643_code
COL make VAL WACO COL model VAL YQC COL cert VAL TC 598,COL mfr VAL WACO COL model VAL YPF-6,0,0.9999955352804779,1,WACO YQC,WACO-YPF-6,reg
"COL make VAL CESSNA COL model VAL TU206 COL name VAL TURBO SKYWAGON, TURBO STATIONAIR, TURBO STATIONAIR 6 COL cert VAL A4CE",COL mfr VAL CESSNA COL model VAL T206 Stationair TC COL code VAL T206,0,0.9205682450049539,1,CESSNA TU206,T206 T206 Stationair TC,doc8643_description
COL make VAL HUGHES COL model VAL 369 COL name VAL 500D 500E 500 500C COL cert VAL H3WE,COL make VAL HU COL model VAL 369 COL series VAL OH6A COL cert VAL H3WE,0,0.9589149253839959,1,HUGHES 369,HU-369-OH6A,faa
COL make VAL PIPER COL model VAL F2 COL name VAL CUB COL cert VAL ATC 525,COL mfr VAL WAGAERO COL model VAL Cuby Sport Trainer,1,0.9999874667236008,0,PIPER F2,J3 Cuby Sport Trainer,doc8643_description
COL make VAL BOEING COL model VAL 747 COL cert VAL A20WE,COL mfr VAL BOEING COL model VAL VC-25B COL code VAL B748,0,0.9860559089380132,1,BOEING 747,B748 VC-25B,doc8643_description
COL make VAL GLASFLUGEL COL model VAL CLUB LIBELLE COL cert VAL EASA.A.241,COL make VAL GLASFL COL model VAL 205 COL series VAL LIBELLE COL name VAL CLUB LIBELLE COL cert VAL G12EU,0,0.7642956458680585,1,GLASFLUGEL CLUB LIBELLE,GLASFL-205-LIBELLE,faa
COL make VAL DOUGLAS COL model VAL C47 COL name VAL SKYTRAIN COL cert VAL A-669,COL mfr VAL DOUGLAS COL model VAL DC3C-S4C4G,0,0.9999953341734767,1,DOUGLAS C47,DC-3-CS4C4G,reg
"COL make VAL PIPER COL model VAL PA31T COL name VAL CHEYENNE, CHEYENNE IIXL COL cert VAL A8EA",COL mfr VAL CHANGHE COL model VAL Z-11,1,0.43443746036619535,0,PIPER PA31T,AS50 Z-11,doc8643_description
COL make VAL SCHLEICHER COL model VAL ASW28 COL cert VAL EASA.A.017,COL mfr VAL SCHLEICHER COL model VAL ASW-27,0,0.9998818200376355,1,SCHLEICHER ASW28,SCHLER-ASW28-ASW28,reg
COL make VAL CESSNA COL model VAL 172 COL name VAL SKYHAWK SKYHAWK SP CUTLASS COL cert VAL 3A12,COL mfr VAL CESSNA COL model VAL 172RG,1,0.9995153403662085,0,CESSNA 172,CE-172-RG,reg
COL make VAL AGUSTA COL model VAL AW119 COL name VAL KOALA COL cert VAL EASA.R.005,COL mfr VAL AGUSTA SPA COL model VAL A119,0,0.9999705729429132,1,AGUSTA AW119,AGUSTA-A119-A119,reg
COL make VAL AERONCA COL model VAL L16 COL name VAL CHAMPION COL cert VAL A-759,COL mfr VAL AERONCA COL model VAL 7EC,1,0.6258764398596456,0,AERONCA L16,BL-7-EC,reg
COL make VAL BEECH COL model VAL 60 COL name VAL DUKE COL cert VAL A12CE,COL mfr VAL BEECH COL model VAL B-60,0,0.9998282181080392,1,BEECH 60,BE-60-B60,reg
COL make VAL MOONEY COL model VAL M20S COL name VAL EAGLE COL cert VAL 2A3,COL make VAL MOONEY COL model VAL 20 COL series VAL S COL cert VAL 2A3,0,0.9593735126038034,1,MOONEY M20S,MOONEY-20-S,faa
COL make VAL CONVAIR COL model VAL 640 COL cert VAL NOT IDENTIFIED,COL make VAL CV COL model VAL 640 COL series VAL 340DSTC COL cert VAL 1096WE,0,0.9999945259645983,1,CONVAIR 640,CV-640-340DSTC,faa
"COL make VAL PIPER COL model VAL PA31P COL name VAL PRESSURIZED NAVAJO, MOJAVE COL cert VAL A8EA",COL mfr VAL EMBRAER COL model VAL EMB-710 Carioca,1,0.9037312673047035,0,PIPER PA31P,P28B EMB-710 Carioca,doc8643_description
COL make VAL AIR TRACTOR COL model VAL AT400 COL cert VAL A9SW,COL mfr VAL AIR TRACTOR COL model VAL AT-402 COL code VAL AT3T,0,0.9772865829900572,1,AIR TRACTOR AT400,AT3T AT-402,doc8643_description
COL make VAL BRITTEN NORMAN COL model VAL BN2B COL name VAL ISLANDER II COL cert VAL UK.TC.A.00042,COL mfr VAL BRITTEN-NORMAN COL model VAL BN-2B-26,1,0.9998803212218257,0,BRITTEN NORMAN BN2B,BN-2-B26,reg
"COL make VAL STINSON COL model VAL 10 COL name VAL VOYAGER COL cert VAL A-709, A-738",COL mfr VAL STINSON COL model VAL HW-80,0,0.9576168987372603,1,STINSON 10,S10 HW-80,doc8643_description
COL make VAL DOUGLAS COL model VAL DC3A COL cert VAL A-669,COL make VAL DC COL model VAL 3 COL series VAL AS4C4G COL cert VAL A669,0,0.9956267654996549,1,DOUGLAS DC3A,DC-3-AS4C4G,faa
COL make VAL TRAVEL AIR COL model VAL TRAVEL AIR A14 COL cert VAL ATC 442,COL mfr VAL CURTISS WRIGHT COL model VAL TRAVEL AIR A-14-D,0,0.9999962024064974,1,TRAVEL AIR TRAVEL AIR A14,CURTIS-TRVAIR-A14D,reg
COL make VAL LOCKHEED COL model VAL PV1 COL name VAL VENTURA COL cert VAL LTC AL-13,COL make VAL P COL model VAL V1 COL series VAL B34 COL cert VAL AL13,1,0.999972867921607,0,LOCKHEED PV1,P-V1-B34,faa
COL make VAL FAIRCHILD HILLER COL model VAL FH227 COL cert VAL 7A1,COL mfr VAL TAYLORCRAFT (1) COL model VAL F-21,1,0.6923102456582869,0,FAIRCHILD HILLER FH227,TF21 F-21,doc8643_description
COL make VAL GROB COL model VAL G120A COL cert VAL EASA.A.075,COL mfr VAL BURKHART GROB COL model VAL G-103A TWIN II ACRO,1,0.6130959599888757,0,GROB G120A,GROB-G103-A,reg
COL make VAL WACO COL model VAL CJC COL cert VAL ATC 538,COL mfr VAL WACO COL model VAL QDC,1,0.9999815256868401,0,WACO CJC,WACO-Q-DC,reg
COL make VAL BEECH COL model VAL 60 COL name VAL DUKE COL cert VAL A12CE,COL mfr VAL BEECH COL model VAL A60,0,0.9999849459573515,1,BEECH 60,BE-60-A60,reg
"COL make VAL CESSNA COL model VAL TU206 COL name VAL TURBO SKYWAGON, TURBO STATIONAIR, TURBO STATIONAIR 6 COL cert VAL A4CE",COL mfr VAL CESSNA COL model VAL T206 Stationair TC,0,0.8049876908584775,1,CESSNA TU206,T206 T206 Stationair TC,doc8643_description
COL make VAL BEECH COL model VAL C12 COL name VAL HURON SUPER KING AIR COL cert VAL A24CE,COL mfr VAL BEECH COL model VAL 200C,0,0.9239828589716704,1,BEECH C12,BE-200-C12D,reg
COL make VAL PZL OKECIE COL model VAL PZL104 COL name VAL WILGA 80 COL cert VAL EASA.A.061,COL mfr VAL AGUSTA COL model VAL Hkp11,1,0.9794663026441767,0,PZL OKECIE PZL104,B412 Hkp11,doc8643_description
COL make VAL AERO VODOCHODY COL model VAL L39,COL mfr VAL AERO (2) COL model VAL L-139 Albatros,0,0.9999769879507259,1,AERO VODOCHODY L39,L39 L-139 Albatros,doc8643_description
COL make VAL AIR TRACTOR COL model VAL AT400 COL cert VAL A9SW,COL mfr VAL AIR TRACTOR COL model VAL AT-302 COL code VAL AT3T,0,0.9999162025287347,1,AIR TRACTOR AT400,AT3T AT-302,doc8643_description
COL make VAL SPARTAN COL model VAL 7W COL name VAL EXECUTIVE COL cert VAL TC 628,COL code VAL SP7,0,0.9997966672664302,1,SPARTAN 7W,SP7,doc8643_code
COL make VAL CHAMPION COL model VAL 7GCBC COL name VAL CITABRIA SCOUT COL cert VAL A-759,COL make VAL CHAMP COL model VAL 7 COL series VAL GCBC COL name VAL CITABRIA COL cert VAL A759,1,0.9999860161998404,0,CHAMPION 7GCBC,CHAMP-7-GCBC,faa
COL make VAL GULFSTREAM COL model VAL GVI COL cert VAL T00015AT,COL mfr VAL GULFSTREAM AEROSPACE COL model VAL G-6 Gulfstream G650 COL code VAL GLF6,0,0.9494559239738657,1,GULFSTREAM GVI,GLF6 G-6 Gulfstream G650,doc8643_description
COL make VAL MONOCOUPE COL model VAL 90A COL name VAL MONOCOUPE 90 COL cert VAL A-306,COL make VAL EAA COL model VAL 90 COL series VAL A COL cert VAL A306,0,0.9999886584507585,1,MONOCOUPE 90A,EAA-90-A,faa
COL make VAL BELLANCA COL model VAL CH400 COL name VAL SKYROCKET COL cert VAL ATC 319,COL mfr VAL BELLANCA COL model VAL CH300 PACEMAKER,1,0.5974200617228169,0,BELLANCA CH400,BL-PACMKR-CH300,reg
COL make VAL MAULE COL model VAL M7 COL name VAL ORION COL cert VAL 3A23,COL mfr VAL MAULE COL model VAL MXT-7-180,1,0.9999500850895351,0,MAULE M7,MXT-7-180,reg
COL make VAL KAMAN COL model VAL K600 COL cert VAL AR-27,COL make VAL K COL model VAL 600 COL series VAL 600 COL cert VAL AR27,0,0.9904728223589633,1,KAMAN K600,K-600-600,faa
"COL make VAL CESSNA COL model VAL 210 COL name VAL 205, 205A COL cert VAL 3A21",COL code VAL C25B,1,0.9117495356040665,0,CESSNA 210,C25B,doc8643_code
COL make VAL SIKORSKY COL model VAL S58 COL cert VAL 1H11,COL mfr VAL SIKORSKY COL model VAL CH-34 Chocktaw,0,0.9730343107096183,1,SIKORSKY S58,S58P CH-34 Chocktaw,doc8643_description
COL make VAL BEECH COL model VAL T34 COL name VAL TURBINE MENTOR COL cert VAL A26CE,COL mfr VAL FUJI COL model VAL T-3Kai,0,0.9999963057188497,1,BEECH T34,T34T T-3Kai,doc8643_description
COL make VAL CHAMPION COL model VAL 7GCBC COL name VAL CITABRIA EXPLORER COL cert VAL A-759,COL mfr VAL CHAMPION COL model VAL 7GCB,1,0.7237682618708696,0,CHAMPION 7GCBC,CHAMP-7-GCBC,reg
COL make VAL NORD COL model VAL 262 COL cert VAL 31,COL mfr VAL AEROSPATIALE COL model VAL Mohawk 298,0,0.9999953947856031,1,NORD 262,N262 Mohawk 298,doc8643_description
COL make VAL CESSNA COL model VAL F182 COL name VAL SKYLANE COL cert VAL A42EU,COL mfr VAL CESSNA COL model VAL 182M,1,0.4925357172930822,0,CESSNA F182,CE-182-M,reg
COL make VAL CALLAIR COL model VAL S1A COL cert VAL A-737,COL mfr VAL INTERSTATE COL model VAL L-6 Cadet,0,0.9997303208818068,1,CALLAIR S1A,S1 L-6 Cadet,doc8643_description
"COL make VAL IAI COL model VAL 1124 COL name VAL WESTWIND I, WESTWIND II COL cert VAL A2IL",COL code VAL WW24,0,0.9999964042031094,1,IAI 1124,WW24,doc8643_code
COL make VAL BOMBARDIER COL model VAL BD500 COL name VAL CS300 COL cert VAL A-236,COL mfr VAL AIRBUS COL model VAL A-220-300 COL code VAL BCS3,0,0.9012515977558659,1,BOMBARDIER BD500,BCS3 A-220-300,doc8643_description
COL make VAL BEECH COL model VAL 100 COL name VAL KING AIR COL cert VAL A14CE,COL code VAL RF10,1,0.9137797041620931,0,BEECH 100,RF10,doc8643_code
COL make VAL LOCKHEED COL model VAL 49 COL name VAL CONSTELLATION COL cert VAL A-763,COL make VAL L COL model VAL 49 COL series VAL 14946 COL cert VAL A763,1,0.9999728879539808,0,LOCKHEED 49,L-49-14946,faa
COL make VAL VARGA COL model VAL 2180 COL name VAL KACHINA COL cert VAL 4A19,COL code VAL MON2,0,0.9999962072184349,1,VARGA 2180,MON2,doc8643_code
COL make VAL PORTERFIELD COL model VAL LP65 COL name VAL COLLEGIATE COL cert VAL A-720,COL mfr VAL PORTERFIELD COL model VAL CP-65,0,0.9979588224903791,1,PORTERFIELD LP65,CP-65-LP65,reg
COL make VAL GRUMMAN COL model VAL GA7 COL name VAL COUGAR COL cert VAL A17SO,COL mfr VAL GRUMMAN COL model VAL G-73,1,0.9873170245060334,0,GRUMMAN GA7,GA-73-73,reg
COL make VAL AVIAT COL model VAL A1 COL name VAL HUSKY COL cert VAL A22NM,COL code VAL HUSK,0,0.99999381770876,1,AVIAT A1,HUSK,doc8643_code
COL make VAL AERONCA COL model VAL 65TL COL name VAL TANDEM COL cert VAL A-728,COL make VAL AR COL model VAL 65 COL series VAL TAL COL cert VAL A728,1,0.9998356150526923,0,AERONCA 65TL,AR-65-TAL,faa
"COL make VAL PIPER COL model VAL PA32RT COL name VAL LANCE II, TURBO LANCE II COL cert VAL A3SO",COL mfr VAL NEIVA COL model VAL EMB-720 Minuano COL code VAL PA32,1,0.9985823308180829,0,PIPER PA32RT,PA32 EMB-720 Minuano,doc8643_description
COL make VAL AEROSPATIALE COL model VAL SA365 COL name VAL DAUPHIN 2 COL cert VAL NOT CERTIFICATED EASA.R.105,COL make VAL AS COL model VAL 365 COL series VAL N2 COL name VAL DAUPHIN COL cert VAL H10EU,1,0.5494100148863045,0,AEROSPATIALE SA365,AS-365-N2,faa
COL make VAL CESSNA COL model VAL C145 COL name VAL AIRMASTER COL cert VAL A-701,COL make VAL CE COL model VAL 145 COL series VAL 145 COL cert VAL A701,0,0.7464834053845655,1,CESSNA C145,CE-145-145,faa
COL make VAL LUSCOMBE COL model VAL T8 COL name VAL LUSCOMBE OBSERVER COL cert VAL A-694,COL mfr VAL RENAISSANCE (2) COL model VAL 8,0,0.9949932040896015,1,LUSCOMBE T8,L8 8,doc8643_description
"COL make VAL STINSON COL model VAL 10 COL name VAL VOYAGER COL cert VAL A-709, A-738",COL mfr VAL STINSON COL model VAL HW-75,0,0.987942037619101,1,STINSON 10,S10 HW-75,doc8643_description
COL make VAL SOUTHWEST FLORIDA COL model VAL SW204 COL cert VAL H6SO,COL mfr VAL BELL COL model VAL CUH-1H,0,0.7446255516823279,1,SOUTHWEST FLORIDA SW204,UH1 CUH-1H,doc8643_description
COL make VAL PILATUS COL model VAL PC6 COL name VAL TURBO PORTER COL cert VAL F56-10,COL mfr VAL FAIRCHILD HILLER COL model VAL AU-23 Peacemaker,0,0.9999962884168936,1,PILATUS PC6,PC6T AU-23 Peacemaker,doc8643_description
"COL make VAL MORANE SAULNIER COL model VAL MS760 COL name VAL PARIS IA, PARIS II COL cert VAL 3",COL code VAL MS76,0,0.9800841832905655,1,MORANE SAULNIER MS760,MS76,doc8643_code
COL make VAL COMMANDER COL model VAL 114 COL name VAL COMMANDER 115TC COL cert VAL A12SO,COL mfr VAL AERO COMMANDER COL model VAL B-1 Ag Commander,1,0.99972309597583,0,COMMANDER 114,CLB1 B-1 Ag Commander,doc8643_description
COL make VAL CESSNA COL model VAL A185 COL name VAL SKYWAGON COL cert VAL 3A24,COL mfr VAL CESSNA COL model VAL 185A,1,0.9995885094310097,0,CESSNA A185,CE-185-A,reg
COL make VAL ZLIN COL model VAL Z143 COL cert VAL EASA.A.028,COL mfr VAL MORAVAN COL model VAL Zlin Z-142,1,0.7873900409393252,0,ZLIN Z143,Z42 Zlin Z-142,doc8643_description
COL make VAL EUROCOPTER COL model VAL EC155 COL cert VAL EASA.R.105,COL mfr VAL KOREA AEROSPACE COL model VAL LCH,0,0.9999963362485004,1,EUROCOPTER EC155,EC55 LCH,doc8643_description
COL make VAL SIKORSKY COL model VAL S61 COL cert VAL 1H15 H2EA H8EA,COL mfr VAL SIKORSKY COL model VAL S-65C3,0,0.9999958466575273,1,SIKORSKY S61,SK-61-NM,reg
COL make VAL EUROCOPTER COL model VAL EC155 COL cert VAL EASA.R.105,COL code VAL E55P,1,0.5748016864516678,0,EUROCOPTER EC155,E55P,doc8643_code
COL make VAL LANCAIR COL model VAL LC42 COL name VAL COLUMBIA 350 COL cert VAL A00003SE,COL code VAL COL3,0,0.9919272937682679,1,LANCAIR LC42,COL3,doc8643_code
COL make VAL DIAMOND COL model VAL H36 COL name VAL DIMONA COL cert VAL EASA.A.065,COL mfr VAL DIAMOND COL model VAL HK-36 Katana Xtreme,0,0.994311522007563,1,DIAMOND H36,DIMO HK-36 Katana Xtreme,doc8643_description
COL make VAL BELL COL model VAL 205 COL cert VAL H1SW,COL mfr VAL BELL COL model VAL CUH-1H,0,0.7063523757464236,1,BELL 205,UH1 CUH-1H,doc8643_description
COL make VAL WACO COL model VAL CSO COL cert VAL ATC 240,COL mfr VAL WACO COL model VAL GXE,1,0.9998671855880906,0,WACO CSO,WACO-GXE-GXE,reg
COL make VAL BEECH COL model VAL 24 COL name VAL SIERRA MUSKETEER SUPER R MUSKETEER SUPER III SUPER SIERRA 200 COL cert VAL A1CE,COL mfr VAL BEECH COL model VAL C23,1,0.9980378352505441,0,BEECH 24,BE-23-C23,reg
COL make VAL TECNAM COL model VAL P MENTOR COL cert VAL EASA.A.006,COL make VAL CATS COL model VAL TECNAM COL series VAL PMENTOR COL cert VAL A00067IB,0,0.9999948930721768,1,TECNAM P MENTOR,CATS-TECNAM-PMENTOR,faa
COL make VAL CALLAIR COL model VAL A COL cert VAL A-758,COL make VAL CALAIR COL model VAL A COL series VAL A COL cert VAL A758,0,0.9972918603119975,1,CALLAIR A,CALAIR-A-A,faa
COL make VAL BOEING COL model VAL 737 COL cert VAL A16WE,COL mfr VAL BOEING COL model VAL VC-25A COL code VAL B742,1,0.9996004708951136,0,BOEING 737,B742 VC-25A,doc8643_description
COL make VAL EMBRAER COL model VAL ERJ170 COL name VAL SHORT WING VERSION COL cert VAL EA-2003T05,COL mfr VAL CESSNA COL model VAL 172 Cutlass,1,0.999969279207247,0,EMBRAER ERJ170,C172 172 Cutlass,doc8643_description
COL make VAL EMBRAER COL model VAL EMB550 COL name VAL LEGACY 500 COL cert VAL EA-2014T04,COL mfr VAL EMBRAER-EMPRESA BRASILEIRA DE COL model VAL EMB-505,1,0.9371603972831745,0,EMBRAER EMB550,EMB-505-505,reg
COL make VAL PIPER COL model VAL PA31 COL name VAL CHIEFTAIN NAVAJO NAVAJO C/R COL cert VAL A20SO,COL mfr VAL PIPER COL model VAL PA 31P 350,1,0.9985590187050116,0,PIPER PA31,PA-31P-350,reg
COL make VAL SHINN COL model VAL 2150 COL name VAL KACHINA COL cert VAL 4A19,COL code VAL MOR2,0,0.9998687514312949,1,SHINN 2150,MOR2,doc8643_code
COL make VAL GROB COL model VAL G103 COL cert VAL EASA.A.250,COL make VAL GROB COL model VAL G103 COL series VAL TWINASTIR COL name VAL TWIN ASTIR COL cert VAL G39EU,0,0.7063634715221223,1,GROB G103,GROB-G103-TWINASTIR,faa
COL make VAL CHAMPION COL model VAL 7KC COL name VAL CITABRIA COL cert VAL A-759,COL make VAL BL COL model VAL 7 COL series VAL KC COL cert VAL A759,0,0.9589398800207328,1,CHAMPION 7KC,BL-7-KC,faa
COL make VAL CESSNA COL model VAL 525 COL name VAL CITATIONJET COL cert VAL A1WI,COL code VAL L5,1,0.6276736843732802,0,CESSNA 525,L5,doc8643_code
COL make VAL CHAMPION COL model VAL 7GCBA COL name VAL CHALLENGER COL cert VAL A-759,COL mfr VAL CHAMPION COL model VAL 7GCAA,0,0.664077345960553,1,CHAMPION 7GCBA,CH7B 7GCAA,doc8643_description
COL make VAL SCHLEICHER COL model VAL KA2 COL name VAL RHONSCHWALBE COL cert VAL 140/SP,COL make VAL SCHLER COL model VAL K COL series VAL A2B COL cert VAL 7G3,0,0.9999953455107585,1,SCHLEICHER KA2,SCHLER-K-A2B,faa
COL make VAL BOMBARDIER COL model VAL BD700 COL name VAL GLOBAL EXPRESS COL cert VAL A-177,COL make VAL CL COL model VAL 700 COL series VAL 1A10 COL cert VAL T00003NY,0,0.9999892341968983,1,BOMBARDIER BD700,CL-700-1A10,faa
COL make VAL SOUTHWEST FLORIDA COL model VAL SW204 COL cert VAL H6SO,COL make VAL SW204 COL model VAL UH1B COL series VAL UH1B COL name VAL UH1B COL cert VAL H6SO,0,0.7917493865964104,1,SOUTHWEST FLORIDA SW204,SW204-UH1B-UH1B,faa
COL make VAL STINSON COL model VAL HW75 COL name VAL VOYAGER COL cert VAL A-709,COL code VAL C550,1,0.6638974401675339,0,STINSON HW75,C550,doc8643_code
COL make VAL BEECH COL model VAL BH125 COL cert VAL A3EU,COL mfr VAL RAYTHEON COL model VAL IU-93,1,0.8330013155150853,0,BEECH BH125,H25B IU-93,doc8643_description
COL make VAL GULFSTREAM COL model VAL GULFSTREAM 200 COL cert VAL A6IL,COL code VAL GALX,0,0.9998479378295304,1,GULFSTREAM GULFSTREAM 200,GALX,doc8643_code
COL make VAL CHAMPION COL model VAL 7HC COL name VAL DX COL cert VAL A-759,COL make VAL BL COL model VAL 7 COL series VAL HC COL cert VAL A759,0,0.9998271520248734,1,CHAMPION 7HC,BL-7-HC,faa
COL make VAL AMC COL model VAL TEXAS BULLET 205 COL cert VAL 4A2,COL code VAL TB05,0,0.9999961069587262,1,AMC TEXAS BULLET 205,TB05,doc8643_code
COL make VAL CHAMPION COL model VAL 7GC COL name VAL SKYTRAC COL cert VAL A-759,COL mfr VAL CHAMPION COL model VAL 7HC,1,0.42786209352536986,0,CHAMPION 7GC,BL-7-HC,reg
COL make VAL DASSAULT COL model VAL FALCON 7X COL cert VAL EASA.A.155,COL mfr VAL DASSAULT AVIATION COL model VAL FALCON 7X,1,0.9999884484957311,0,DASSAULT FALCON 7X,DASALT-FALCON-6X,reg
COL make VAL SIKORSKY COL model VAL CH34 COL name VAL CHOCTAW COL cert VAL H8SW,COL mfr VAL SIKORSKY COL model VAL S-58T COL code VAL S58T,1,0.956862868684556,0,SIKORSKY CH34,S58T S-58T,doc8643_description
COL make VAL DOUGLAS COL model VAL A24 COL name VAL BANSHEE,COL code VAL SBD,0,0.9999929932624851,1,DOUGLAS A24,SBD,doc8643_code
COL make VAL CESSNA COL model VAL 172RG COL name VAL CUTLASS RG COL cert VAL 3A17,COL make VAL CE COL model VAL 172 COL series VAL RG COL name VAL SKYHAWK COL cert VAL 3A17,0,0.9999851622262643,1,CESSNA 172RG,CE-172-RG,faa
COL make VAL VICKERS COL model VAL VISCOUNT COL cert VAL NOT CERTIFICATED,COL make VAL VK COL model VAL 745 COL series VAL 745 COL cert VAL A814,0,0.9999963919503001,1,VICKERS VISCOUNT,VK-745-745,faa
COL make VAL ATR COL model VAL ATR42 COL cert VAL EASA.A.084,COL code VAL AT45,0,0.9994409258173109,1,ATR ATR42,AT45,doc8643_code
COL make VAL BEECH COL model VAL 19 COL name VAL MUSKETEER SPORT III COL cert VAL A1CE,COL mfr VAL BEECH COL model VAL A23-19,0,0.9939628891468357,1,BEECH 19,BE-23-A2319,reg
COL make VAL GULFSTREAM COL model VAL GVIII COL cert VAL T00015AT,COL code VAL CH7A,1,0.6213589815134598,0,GULFSTREAM GVIII,CH7A,doc8643_code
COL make VAL MCDONNELL DOUGLAS COL model VAL MD90 COL cert VAL A6WE,COL make VAL DOUGLAS COL model VAL DC9 COL series VAL 41 COL cert VAL A6WE,1,0.3647398269240162,0,MCDONNELL DOUGLAS MD90,4813,cictt
COL make VAL CURTISS WRIGHT COL model VAL C46 COL name VAL COMMANDO COL cert VAL 3A2,COL mfr VAL CURTISS WRIGHT COL model VAL C-46R,0,0.9999942034389194,1,CURTISS WRIGHT C46,AIRLFT-C46-R,reg
COL make VAL BELLANCA COL model VAL CH300 COL name VAL PACEMAKER COL cert VAL ATC 129,COL mfr VAL BELLANCA COL model VAL CH,1,0.9999554986307984,0,BELLANCA CH300,BL-CH-CH,reg
COL make VAL MOONEY COL model VAL M20M COL name VAL TLS COL cert VAL 2A3,COL make VAL MOONEY COL model VAL 20 COL series VAL M COL cert VAL 2A3,0,0.9369502184222999,1,MOONEY M20M,MOONEY-20-M,faa
COL make VAL SWEARINGEN COL model VAL SA227 COL name VAL METRO III METRO 23 MERLIN IV MERLIN IIIC 23 METRO IIIA COL cert VAL A8SW A18SW A5SW,COL make VAL SA COL model VAL 227 COL series VAL CC COL cert VAL A18SW,0,0.9999956792840239,1,SWEARINGEN SA227,SA-227-CC,faa
COL make VAL DASSAULT COL model VAL FANJET FALCON COL cert VAL 103,COL mfr VAL DASSAULT-BREGUET COL model VAL MYSTERE FALCON 200,1,0.5332408027469615,0,DASSAULT FANJET FALCON,AMD-20-200,reg
COL make VAL DOUGLAS COL model VAL DSTA COL cert VAL A-669,COL mfr VAL DOUGLAS COL model VAL VC-117,1,0.6152472134777549,0,DOUGLAS DSTA,DC3S VC-117,doc8643_description
COL make VAL BEECH COL model VAL 18 COL name VAL SUPER 18 COL cert VAL TC 710 A-765 TC 630 A-757 A-684 TC 770,COL mfr VAL BEECH COL model VAL E18S-9700,0,0.9740598594482838,1,BEECH 18,BE-18-E18S9700,reg
COL make VAL DOUGLAS COL model VAL A26 COL name VAL INVADER COL cert VAL NOT CERTIFICATED,COL mfr VAL DOUGLAS COL model VAL A-24B,1,0.9991022422177401,0,DOUGLAS A26,DC-A24-B,reg
COL make VAL IAI COL model VAL 1123 COL name VAL WESTWIND COL cert VAL A2IL,COL code VAL WW23,0,0.9999963417422066,1,IAI 1123,WW23,doc8643_code
COL make VAL BOMBARDIER COL model VAL BD500 COL name VAL CS300 COL cert VAL A-236,COL mfr VAL AIRBUS COL model VAL A-220-300,0,0.9235473899566805,1,BOMBARDIER BD500,BCS3 A-220-300,doc8643_description
"COL make VAL BELL COL model VAL UH1 COL name VAL IROQUOIS COL cert VAL R00007DE, H7SO, H13WE, H7NE, H12NM, H3SO",COL mfr VAL BELL COL model VAL CH-118,0,0.9987232980241654,1,BELL UH1,UH1 CH-118,doc8643_description
COL make VAL ROCKWELL COL model VAL 112 COL name VAL COMMANDER 112 ALPINE COMMANDER COL cert VAL A12SO,COL make VAL GA COL model VAL 112 COL series VAL TC COL cert VAL A12SO,0,0.9930602709986784,1,ROCKWELL 112,GA-112-TC,faa
COL make VAL MONOCOUPE COL model VAL 90A COL name VAL MONOCOUPE 90 COL cert VAL A-306,COL mfr VAL MONOCOUPE COL model VAL 90,0,0.9999639482742351,1,MONOCOUPE 90A,MC90 90,doc8643_description
COL make VAL PIPER COL model VAL PA12S COL name VAL SUPER CRUISER COL cert VAL A-780,COL make VAL PA COL model VAL 18 COL series VAL S125 COL name VAL SUPER CUB COL cert VAL 1A2,1,0.9998537790503541,0,PIPER PA12S,PA-18-S125,faa
COL make VAL ALPHA COL model VAL R2160 COL name VAL ALPHA SPORT COL cert VAL A-15,COL make VAL R COL model VAL 2160 COL series VAL 2160 COL cert VAL A48EU,0,0.9999641925064793,1,ALPHA R2160,R-2160-2160,faa
COL make VAL BAE COL model VAL JETSTREAM 3100 COL cert VAL EASA.A.191,COL code VAL JS32,0,0.9998882513715394,1,BAE JETSTREAM 3100,JS32,doc8643_code
COL make VAL CURTISS WRIGHT COL model VAL FLEDGLING COL cert VAL ATC 191 TC 2-472,COL make VAL CURTIS COL model VAL FLGLNG COL series VAL J1 COL name VAL FLEDGLING J1 SPECIAL COL cert VAL 2472,0,0.9767193903220995,1,CURTISS WRIGHT FLEDGLING,CURTIS-FLGLNG-J1,faa
COL make VAL EUROCOPTER COL model VAL AS350 COL name VAL ECUREUIL COL cert VAL EASA.R.008,COL mfr VAL RAYTHEON COL model VAL U-125,1,0.9951068966068062,0,EUROCOPTER AS350,H25B U-125,doc8643_description
COL make VAL PIPER COL model VAL PA28S COL name VAL CHEROKEE COL cert VAL 2A13,COL mfr VAL EMBRAER COL model VAL EMB-111 Bandeirulha,1,0.8889342456363183,0,PIPER PA28S,E110 EMB-111 Bandeirulha,doc8643_description
COL make VAL CESSNA COL model VAL T240 COL name VAL CESSNA TTX COL cert VAL A00003SE,COL code VAL CAR,1,0.7211290083849399,0,CESSNA T240,CAR,doc8643_code
COL make VAL PIPER COL model VAL PA46R COL name VAL MALIBU MATRIX COL cert VAL A25SO,COL mfr VAL NEIVA COL model VAL EMB-721 Sertanejo,1,0.9917951060318815,0,PIPER PA46R,P32R EMB-721 Sertanejo,doc8643_description
COL make VAL WACO COL model VAL AGC COL cert VAL TC 664,COL mfr VAL WACO COL model VAL UKC,1,0.999902760697225,0,WACO AGC,WACO-UKC-UKC,reg
"COL make VAL PIPER COL model VAL PA32R COL name VAL LANCE, SARATOGA II TC COL cert VAL A3SO",COL code VAL PAY3,1,0.9990492808774839,0,PIPER PA32R,PAY3,doc8643_code
COL make VAL NORTH AMERICAN COL model VAL A36 COL name VAL MUSTANG COL cert VAL LTC-15,COL code VAL P51,0,0.9999960565943838,1,NORTH AMERICAN A36,P51,doc8643_code
COL make VAL CANADAIR COL model VAL CL215 1A10 COL name VAL SCOOPER COL cert VAL A-86,COL mfr VAL CANADAIR COL model VAL CL-215 COL code VAL CL2P,0,0.8779198304309574,1,CANADAIR CL215 1A10,CL2P CL-215,doc8643_description
COL make VAL CHAMPION COL model VAL 7GCB COL name VAL CHALLENGER COL cert VAL A-759,COL mfr VAL CHAMPION COL model VAL 7GCAA,0,0.9132448324940983,1,CHAMPION 7GCB,CH7B 7GCAA,doc8643_description
COL make VAL AGUSTA COL model VAL A109 COL name VAL POWER COL cert VAL EASA.R.005,COL mfr VAL AGUSTA COL model VAL MH-68 Stingray,0,0.8831404890362674,1,AGUSTA A109,A109 MH-68 Stingray,doc8643_description
COL make VAL CESSNA COL model VAL 210 COL name VAL CENTURION COL cert VAL 3A21,COL code VAL C210,0,0.9835869131875364,1,CESSNA 210,C210,doc8643_code
COL make VAL LANCAIR COL model VAL LC40 COL name VAL COLUMBIA 300 COL cert VAL A00003SE,COL code VAL COL3,0,0.9984507477441642,1,LANCAIR LC40,COL3,doc8643_code
COL make VAL AEROSPATIALE COL model VAL SA360 COL name VAL DAUPHIN COL cert VAL 153,COL make VAL SA COL model VAL 365 COL series VAL N1 COL name VAL DAUPHIN COL cert VAL H10EU,1,0.4190863720843661,0,AEROSPATIALE SA360,SA-365-N1,faa
COL make VAL WACO COL model VAL KNF COL cert VAL ATC 313,COL mfr VAL WACO COL model VAL INF,0,0.7679390558434565,1,WACO KNF,WACF INF,doc8643_description
COL make VAL GRUMMAN COL model VAL HU16 COL name VAL ALBATROSS COL cert VAL A33SO,COL mfr VAL GRUMMAN COL model VAL G164C,0,0.9999921008977706,1,GRUMMAN HU16,AIRCRN-HU16-B,reg
COL make VAL BEECH COL model VAL C12 COL name VAL HURON SUPER KING AIR COL cert VAL A24CE,COL mfr VAL BEECH COL model VAL C17L,1,0.5832020999574137,0,BEECH C12,BE-17-C17L,reg
COL make VAL MOONEY COL model VAL M20R COL name VAL OVATION COL cert VAL 2A3,COL mfr VAL MOONEY COL model VAL M20R,0,0.9987743838133788,1,MOONEY M20R,MOONEY-20-R,reg
COL make VAL AEROSPATIALE COL model VAL AS332 COL name VAL SUPER PUMA COL cert VAL EASA.R.002,COL mfr VAL AEROSPATIALE COL model VAL Hkp10 Super Puma COL code VAL AS32,0,0.8312809111973632,1,AEROSPATIALE AS332,AS32 Hkp10 Super Puma,doc8643_description
COL make VAL CESSNA COL model VAL T240 COL name VAL CESSNA TTX COL cert VAL A00003SE,COL code VAL B24,1,0.7526283786547323,0,CESSNA T240,B24,doc8643_code
COL make VAL AERONCA COL model VAL 65TL COL name VAL TANDEM COL cert VAL A-728,COL make VAL AR COL model VAL 65 COL series VAL TL COL cert VAL A728,0,0.9714728374844587,1,AERONCA 65TL,AR-65-TL,faa
"COL make VAL PIPER COL model VAL PA32R COL name VAL LANCE, SARATOGA II TC COL cert VAL A3SO",COL mfr VAL NEIVA COL model VAL EMB-720 Minuano COL code VAL PA32,1,0.998790636708478,0,PIPER PA32R,PA32 EMB-720 Minuano,doc8643_description
COL make VAL TAYLORCRAFT COL model VAL BF12 COL cert VAL A-699,COL make VAL TAYLORCRAFT COL model VAL BF COL series VAL BF COL cert VAL A-699,1,0.6247832353116944,0,TAYLORCRAFT BF12,8934,cictt
COL make VAL BEECH COL model VAL 35 COL name VAL BONANZA COL cert VAL A-777 3A15,COL mfr VAL BEECH COL model VAL M35,0,0.9999942715496266,1,BEECH 35,BE-35-M35,reg
COL make VAL LOCKHEED COL model VAL 18 COL name VAL LODESTAR COL cert VAL A-723,COL mfr VAL HOWARD (2) COL model VAL 250,0,0.9532025996746001,1,LOCKHEED 18,L18 250,doc8643_description
COL make VAL CESSNA COL model VAL TO1 COL cert VAL 3A14,COL make VAL CE COL model VAL 305 COL series VAL O1A COL name VAL BIRD DOG COL cert VAL 5A5,1,0.920884908244897,0,CESSNA TO1,CE-305-O1A,faa
COL make VAL PZL MIELEC COL model VAL M28 COL name VAL SKYTRUCK COL cert VAL EASA.A.058,COL code VAL L8,1,0.6156580949590194,0,PZL MIELEC M28,L8,doc8643_code
COL make VAL GLASFLUGEL COL model VAL KESTREL COL cert VAL EASA.A.241,COL make VAL GLASFL COL model VAL KESTRL COL series VAL KESTRL COL cert VAL G20EU,0,0.999890735288968,1,GLASFLUGEL KESTREL,GLASFL-KESTRL-KESTRL,faa
COL make VAL WACO COL model VAL DQC COL cert VAL ATC 597,COL mfr VAL WACO COL model VAL YKC,0,0.9632893867538457,1,WACO DQC,WACC YKC,doc8643_description
COL make VAL SCHLEICHER COL model VAL ASH25 COL name VAL ASH25 MI COL cert VAL EASA.A.213,COL mfr VAL ALEXANDER SCHLEICHER GMBH & CO COL model VAL ASW 27,0,0.9999963213968771,1,SCHLEICHER ASH25,SCHLER-ASH25M,reg
COL make VAL DOUGLAS COL model VAL C47 COL name VAL SKYTRAIN COL cert VAL A-669,COL make VAL DC COL model VAL 3 COL series VAL CS4C4G COL cert VAL A669,0,0.9999945814667018,1,DOUGLAS C47,DC-3-CS4C4G,faa
COL make VAL TAYLORCRAFT COL model VAL BCS12 COL cert VAL A-696,COL make VAL TCRAFK COL model VAL BL COL series VAL S1265 COL cert VAL A700,1,0.5300354917842872,0,TAYLORCRAFT BCS12,TCRAFK-BL-S1265,faa
COL make VAL EUROCOPTER COL model VAL EC155 COL cert VAL EASA.R.105,COL mfr VAL KOREA AEROSPACE COL model VAL LAH,0,0.9999963100673516,1,EUROCOPTER EC155,EC55 LAH,doc8643_description
COL make VAL WACO COL model VAL INF COL cert VAL ATC 345,COL mfr VAL WACO COL model VAL QCF,0,0.9877780216871261,1,WACO INF,WACF QCF,doc8643_description
COL make VAL CONVAIR COL model VAL 440 COL name VAL METROPOLITAN COL cert VAL A-220,COL mfr VAL CONVAIR COL model VAL 340,0,0.9999954187137283,1,CONVAIR 440,CV-440-5800STC,reg
COL make VAL STEARMAN COL model VAL A75 COL name VAL KAYDET COL cert VAL A-743,COL make VAL B COL model VAL 75 COL series VAL N2S4 COL cert VAL A743,0,0.9999963113972866,1,STEARMAN A75,B-75-N2S4,faa
